Location,Timestamp,Wind Speed (m/s),Wind Direction (°),Temperature (°C),Feels Like (°C),Pressure (hPa),Humidity (%),Weather Description,Cloudinesss,Visibility,Rain,Snow,Sunrise,Sunset,Wind Chilli,Dew Point,Estimated Power Output (W)
Boulder,2025-01-03 17:41:06.679798,0.89,274,4.09,4.09,1018,49,clear sky,0,10000,0,0,2025-01-03 07:23:07,2025-01-03 16:48:01,3.92,-6.11,4.317935125
New York,2025-01-03 17:41:06.779435,5.14,250,0.44,-4.44,1009,65,few clouds,20,10000,0,0,2025-01-03 05:20:09,2025-01-03 14:40:47,-4.46,-6.56,831.7550569999997
Los Angeles,2025-01-03 17:41:06.878540,3.09,180,15.83,15.3,1016,70,clear sky,0,10000,0,0,2025-01-03 07:58:53,2025-01-03 17:56:04,15.47,9.83,180.70972762499997
Chicago,2025-01-03 17:41:06.979860,4.02,327,-5.37,-10.9,1027,64,clear sky,1,10000,0,0,2025-01-03 06:18:15,2025-01-03 15:31:43,-10.92,-12.57,397.9094489999999
Houston,2025-01-03 17:41:07.091045,3.6,110,19.56,19.45,1025,72,overcast clouds,100,10000,0,0,2025-01-03 06:17:15,2025-01-03 16:34:39,19.83,13.96,285.76800000000003
Miami,2025-01-03 17:41:07.202225,2.57,360,19.08,18.48,1023,55,clear sky,0,10000,0,0,2025-01-03 05:07:55,2025-01-03 15:42:31,19.55,10.08,103.96938212499997
Seattle,2025-01-03 17:41:07.301866,4.12,130,7.25,4.56,1010,93,overcast clouds,100,10000,0,0,2025-01-03 08:57:21,2025-01-03 17:30:19,4.55,5.85,428.348984
Denver,2025-01-03 17:41:07.403762,2.01,13,5.05,3.42,1016,51,overcast clouds,100,10000,0,0,2025-01-03 07:21:11,2025-01-03 16:47:42,3.4,-4.75,49.738681124999985
San Francisco,2025-01-03 17:41:07.499104,7.2,270,12.9,12.44,1019,84,broken clouds,75,10000,0,0,2025-01-03 08:25:19,2025-01-03 18:03:03,10.61,9.7,2286.1440000000002
Austin,2025-01-03 17:41:07.593931,0,0,17.23,17.05,1024,78,overcast clouds,100,10000,0,0,2025-01-03 06:27:54,2025-01-03 16:43:00,23.83,12.83,0.0
Boston,2025-01-03 17:41:07.682584,1.79,304,-0.03,-2.22,1006,54,clear sky,0,10000,0,0,2025-01-03 05:13:30,2025-01-03 14:23:51,-2.23,-9.23,35.12895137500001
Atlanta,2025-01-03 17:41:07.774304,6.69,320,6.19,2.15,1026,45,clear sky,0,10000,0,0,2025-01-03 05:42:42,2025-01-03 15:41:19,2.13,-4.81,1833.9371426250004
Phoenix,2025-01-03 17:41:07.869718,1.36,5,21.92,20.69,1014,20,overcast clouds,100,10000,0,0,2025-01-03 07:32:42,2025-01-03 17:32:52,23.29,5.92,15.407168000000002
San Diego,2025-01-03 17:41:07.993959,2.57,70,13.98,13.47,1016,78,broken clouds,75,10000,0,0,2025-01-03 07:51:17,2025-01-03 17:55:00,13.49,9.58,103.96938212499997
Las Vegas,2025-01-03 17:41:08.100132,2.06,140,15.15,13.37,1011,25,clear sky,0,10000,0,0,2025-01-03 07:51:52,2025-01-03 17:38:14,15.15,0.15,53.543623
Boulder,2025-01-03 17:51:08.216806,1.79,261,3.68,2.07,1018,50,clear sky,0,10000,0,0,2025-01-03 07:23:08,2025-01-03 16:47:59,2.05,-6.32,35.12895137500001
New York,2025-01-03 17:51:08.319062,5.14,250,0.37,-4.53,1009,65,few clouds,20,10000,0,0,2025-01-03 05:20:09,2025-01-03 14:40:47,-4.55,-6.63,831.7550569999997
Los Angeles,2025-01-03 17:51:08.412702,3.09,180,15.53,14.94,1016,69,clear sky,0,10000,0,0,2025-01-03 07:58:53,2025-01-03 17:56:04,15.11,9.33,180.70972762499997
Chicago,2025-01-03 17:51:08.512319,1.79,288,-5.41,-8.43,1027,64,clear sky,3,10000,0,0,2025-01-03 06:18:15,2025-01-03 15:31:43,-8.45,-12.61,35.12895137500001
Houston,2025-01-03 17:51:08.588941,3.6,110,19.55,19.44,1025,72,overcast clouds,100,10000,0,0,2025-01-03 06:17:14,2025-01-03 16:34:38,19.82,13.95,285.76800000000003
Miami,2025-01-03 17:51:08.706595,2.57,360,19.21,18.62,1023,55,clear sky,0,10000,0,0,2025-01-03 05:07:55,2025-01-03 15:42:31,19.7,10.21,103.96938212499997
Seattle,2025-01-03 17:51:08.817495,4.12,130,7.25,4.56,1010,93,overcast clouds,100,10000,0,0,2025-01-03 08:57:21,2025-01-03 17:30:19,4.55,5.85,428.348984
Denver,2025-01-03 17:51:08.928938,2.12,7,4.66,2.85,1017,53,overcast clouds,99,10000,0,0,2025-01-03 07:21:11,2025-01-03 16:47:42,2.83,-4.74,58.359784000000005
San Francisco,2025-01-03 17:51:09.073608,7.2,270,12.73,12.25,1019,84,broken clouds,75,10000,0,0,2025-01-03 08:25:19,2025-01-03 18:03:03,10.39,9.53,2286.1440000000002
Austin,2025-01-03 17:51:09.173936,0.89,112,16.96,16.77,1024,79,broken clouds,75,10000,0,0,2025-01-03 06:27:54,2025-01-03 16:43:00,18.06,12.76,4.317935125
Boston,2025-01-03 17:51:09.296633,1.34,180,-0.05,-1.55,1006,54,clear sky,0,10000,0,0,2025-01-03 05:13:30,2025-01-03 14:23:51,-1.56,-9.25,14.737387000000004
Atlanta,2025-01-03 17:51:09.401514,6.69,320,5.89,1.77,1026,45,clear sky,0,10000,0,0,2025-01-03 05:42:41,2025-01-03 15:41:20,1.75,-5.11,1833.9371426250004
Phoenix,2025-01-03 17:51:09.514452,0.45,87,21.47,20.22,1014,21,overcast clouds,100,10000,0,0,2025-01-03 07:32:42,2025-01-03 17:32:52,23.38,5.67,0.5581406250000001
San Diego,2025-01-03 17:51:09.637164,2.68,84,14.01,13.5,1016,78,broken clouds,75,10000,0,0,2025-01-03 07:51:17,2025-01-03 17:55:00,13.47,9.61,117.89909600000003
Las Vegas,2025-01-03 17:51:09.741003,2.06,140,14.63,12.85,1012,27,clear sky,0,10000,0,0,2025-01-03 07:51:52,2025-01-03 17:38:14,14.54,0.03,53.543623
Boulder,2025-01-03 18:29:46.215088,1.34,313,2.77,1.64,1018,53,clear sky,0,10000,0,0,2025-01-03 07:23:07,2025-01-03 16:48:01,1.63,-6.63,14.737387000000004
New York,2025-01-03 18:29:46.333043,5.14,250,0.24,-4.7,1009,67,clear sky,0,10000,0,0,2025-01-03 05:20:09,2025-01-03 14:40:47,-4.71,-6.36,831.7550569999997
Los Angeles,2025-01-03 18:29:46.655636,6.69,270,14.07,13.49,1016,75,haze,0,10000,0,0,2025-01-03 07:58:53,2025-01-03 17:56:04,12.23,9.07,1833.9371426250004
Chicago,2025-01-03 18:29:46.828292,6.69,290,-5.5,-12.5,1027,64,clear sky,0,10000,0,0,2025-01-03 06:18:15,2025-01-03 15:31:43,-12.84,-12.7,1833.9371426250004
Houston,2025-01-03 18:29:47.059925,5.66,130,18.93,18.81,1025,74,overcast clouds,100,10000,0,0,2025-01-03 06:17:15,2025-01-03 16:34:39,18.63,13.73,1110.5941630000002
Miami,2025-01-03 18:29:47.393567,2.57,360,18.76,17.84,1023,44,scattered clouds,40,10000,0,0,2025-01-03 05:07:55,2025-01-03 15:42:31,19.17,7.56,103.96938212499997
Seattle,2025-01-03 18:29:47.578702,3.13,135,7.09,4.93,1010,94,broken clouds,75,10000,0,0,2025-01-03 08:57:21,2025-01-03 17:30:19,4.92,5.89,187.81881912499998
Denver,2025-01-03 18:29:47.681876,1.34,0,3.6,2.58,1017,57,overcast clouds,99,10000,0,0,2025-01-03 07:21:12,2025-01-03 16:47:42,2.57,-5.0,14.737387000000004
San Francisco,2025-01-03 18:29:47.823329,5.14,270,12.13,11.59,1019,84,scattered clouds,40,10000,0,0,2025-01-03 08:25:19,2025-01-03 18:03:03,10.19,8.93,831.7550569999997
Austin,2025-01-03 18:29:47.983703,0,0,16.27,16.07,1024,81,broken clouds,75,10000,0,0,2025-01-03 06:27:53,2025-01-03 16:43:00,23.23,12.47,0.0
Boston,2025-01-03 18:29:48.108356,1.79,283,-0.52,-2.78,1006,56,clear sky,0,10000,0,0,2025-01-03 05:13:30,2025-01-03 14:23:51,-2.8,-9.32,35.12895137500001
Atlanta,2025-01-03 18:29:48.234866,7.2,310,5.31,0.84,1026,44,clear sky,0,10000,0,0,2025-01-03 05:42:41,2025-01-03 15:41:20,0.82,-5.89,2286.1440000000002
Phoenix,2025-01-03 18:29:48.531156,0.89,173,19.87,18.54,1014,24,overcast clouds,100,10000,0,0,2025-01-03 07:32:42,2025-01-03 17:32:52,21.26,4.67,4.317935125
San Diego,2025-01-03 18:29:48.786320,3.6,80,13.53,12.98,1016,78,scattered clouds,40,10000,0,0,2025-01-03 07:51:17,2025-01-03 17:55:00,12.48,9.13,285.76800000000003
Las Vegas,2025-01-03 18:29:48.905595,2.57,160,13.52,11.63,1012,27,clear sky,0,10000,0,0,2025-01-03 07:51:52,2025-01-03 17:38:14,12.94,-1.08,103.96938212499997
Boulder,2025-01-03 18:41:51.167516,2.06,70,2.23,0.07,1018,56,clear sky,0,10000,0,0,2025-01-03 07:23:07,2025-01-03 16:48:01,0.06,-6.57,53.543623
New York,2025-01-03 18:41:51.273094,5.14,250,0.24,-4.7,1008,67,clear sky,0,10000,0,0,2025-01-03 05:20:09,2025-01-03 14:40:47,-4.71,-6.36,831.7550569999997
Los Angeles,2025-01-03 18:41:51.413013,6.69,270,13.52,12.96,1017,78,clear sky,0,10000,0,0,2025-01-03 07:58:53,2025-01-03 17:56:04,11.52,9.12,1833.9371426250004
Chicago,2025-01-03 18:41:51.536594,6.69,290,-5.57,-12.57,1027,64,clear sky,0,10000,0,0,2025-01-03 06:18:15,2025-01-03 15:31:43,-12.93,-12.77,1833.9371426250004
Houston,2025-01-03 18:41:51.652879,5.66,130,18.93,18.81,1025,74,overcast clouds,100,10000,0,0,2025-01-03 06:17:15,2025-01-03 16:34:39,18.63,13.73,1110.5941630000002
Miami,2025-01-03 18:41:51.785164,2.57,360,18.28,17.42,1024,48,scattered clouds,40,10000,0,0,2025-01-03 05:07:55,2025-01-03 15:42:31,18.6,7.88,103.96938212499997
Seattle,2025-01-03 18:41:51.903228,3.13,135,6.99,4.81,1010,94,broken clouds,75,10000,0,0,2025-01-03 08:57:21,2025-01-03 17:30:19,4.8,5.79,187.81881912499998
Denver,2025-01-03 18:41:52.020077,0.89,0,3.12,3.12,1018,59,overcast clouds,97,10000,0,0,2025-01-03 07:21:11,2025-01-03 16:47:42,2.85,-5.08,4.317935125
San Francisco,2025-01-03 18:41:52.127857,5.14,270,11.99,11.46,1020,85,scattered clouds,40,10000,0,0,2025-01-03 08:25:19,2025-01-03 18:03:03,10.02,8.99,831.7550569999997
Austin,2025-01-03 18:41:52.240248,0,0,15.99,15.79,1024,82,broken clouds,75,10000,0,0,2025-01-03 06:27:53,2025-01-03 16:43:00,23.06,12.39,0.0
Boston,2025-01-03 18:41:52.357561,1.79,229,-0.65,-2.93,1006,57,clear sky,0,10000,0,0,2025-01-03 05:13:30,2025-01-03 14:23:51,-2.95,-9.25,35.12895137500001
Atlanta,2025-01-03 18:41:52.479491,7.2,310,5.09,0.56,1027,45,clear sky,0,10000,0,0,2025-01-03 05:42:41,2025-01-03 15:41:20,0.54,-5.91,2286.1440000000002
Phoenix,2025-01-03 18:41:52.588739,0.89,196,19.0,17.61,1014,25,overcast clouds,100,10000,0,0,2025-01-03 07:32:42,2025-01-03 17:32:52,20.31,4.0,4.317935125
San Diego,2025-01-03 18:41:52.702919,3.6,80,13.34,12.82,1016,80,scattered clouds,40,10000,0,0,2025-01-03 07:51:17,2025-01-03 17:55:00,12.25,9.34,285.76800000000003
Las Vegas,2025-01-03 18:41:52.822084,2.57,160,13.38,11.45,1011,26,clear sky,0,10000,0,0,2025-01-03 07:51:52,2025-01-03 17:38:14,12.78,-1.42,103.96938212499997
Boulder,2025-01-03 18:51:53.052175,2.57,100,1.68,-1.1,1018,58,clear sky,0,10000,0,0,2025-01-03 07:23:07,2025-01-03 16:48:01,-1.12,-6.72,103.96938212499997
New York,2025-01-03 18:51:53.164007,5.14,250,0.13,-4.83,1008,67,clear sky,0,10000,0,0,2025-01-03 05:20:09,2025-01-03 14:40:47,-4.85,-6.47,831.7550569999997
Los Angeles,2025-01-03 18:51:53.265467,6.69,270,13.5,12.97,1017,79,clear sky,0,10000,0,0,2025-01-03 07:58:53,2025-01-03 17:56:04,11.5,9.3,1833.9371426250004
Chicago,2025-01-03 18:51:53.374834,6.69,290,-5.67,-12.67,1027,63,clear sky,0,10000,0,0,2025-01-03 06:18:15,2025-01-03 15:31:43,-13.06,-13.07,1833.9371426250004
Houston,2025-01-03 18:51:53.513863,5.14,130,18.9,18.8,1025,75,overcast clouds,100,10000,0,0,2025-01-03 06:17:15,2025-01-03 16:34:39,18.68,13.9,831.7550569999997
Miami,2025-01-03 18:51:53.618509,2.57,360,18.43,17.5,1024,45,scattered clouds,40,10000,0,0,2025-01-03 05:07:55,2025-01-03 15:42:31,18.77,7.43,103.96938212499997
Seattle,2025-01-03 18:51:53.727348,3.09,140,6.98,4.82,1010,94,broken clouds,75,10000,0,0,2025-01-03 08:57:21,2025-01-03 17:30:19,4.81,5.78,180.70972762499997
Denver,2025-01-03 18:51:53.850362,0.45,360,2.9,2.9,1018,60,overcast clouds,97,10000,0,0,2025-01-03 07:21:11,2025-01-03 16:47:42,3.88,-5.1,0.5581406250000001
San Francisco,2025-01-03 18:51:53.964074,5.14,270,11.98,11.45,1020,85,scattered clouds,40,10000,0,0,2025-01-03 08:25:19,2025-01-03 18:03:03,10.01,8.98,831.7550569999997
Austin,2025-01-03 18:51:54.064160,0,0,15.98,15.77,1024,82,broken clouds,75,10000,0,0,2025-01-03 06:27:53,2025-01-03 16:43:00,23.05,12.38,0.0
Boston,2025-01-03 18:51:54.171533,1.34,180,-0.71,-2.29,1006,57,clear sky,0,10000,0,0,2025-01-03 05:13:30,2025-01-03 14:23:51,-2.31,-9.31,14.737387000000004
Atlanta,2025-01-03 18:51:54.285985,7.2,310,4.95,0.38,1027,45,clear sky,0,10000,0,0,2025-01-03 05:42:41,2025-01-03 15:41:19,0.36,-6.05,2286.1440000000002
Phoenix,2025-01-03 18:51:54.374578,0.89,222,18.89,17.49,1014,25,overcast clouds,100,10000,0,0,2025-01-03 07:32:42,2025-01-03 17:32:52,20.19,3.89,4.317935125
San Diego,2025-01-03 18:51:54.471398,3.6,80,13.28,12.73,1016,79,scattered clouds,40,10000,0,0,2025-01-03 07:51:17,2025-01-03 17:55:00,12.18,9.08,285.76800000000003
Las Vegas,2025-01-03 18:51:54.568722,2.57,160,13.38,11.45,1011,26,clear sky,0,10000,0,0,2025-01-03 07:51:52,2025-01-03 17:38:14,12.78,-1.42,103.96938212499997
Boulder,2025-01-03 19:01:54.717598,2.57,100,1.54,-1.27,1018,59,clear sky,0,10000,0,0,2025-01-03 07:23:08,2025-01-03 16:47:59,-1.28,-6.66,103.96938212499997
New York,2025-01-03 19:01:54.816911,4.63,260,0.05,-4.63,1008,69,clear sky,0,10000,0,0,2025-01-03 05:20:09,2025-01-03 14:40:47,-4.65,-6.15,607.9236878749999
Los Angeles,2025-01-03 19:01:54.912747,6.69,270,13.19,12.63,1017,79,haze,0,10000,0,0,2025-01-03 07:58:53,2025-01-03 17:56:04,11.1,8.99,1833.9371426250004
Chicago,2025-01-03 19:01:55.024778,6.69,290,-5.67,-12.67,1027,63,clear sky,0,10000,0,0,2025-01-03 06:18:15,2025-01-03 15:31:43,-13.06,-13.07,1833.9371426250004
Houston,2025-01-03 19:01:55.129278,5.14,120,18.76,18.65,1025,75,overcast clouds,100,10000,0,0,2025-01-03 06:17:15,2025-01-03 16:34:39,18.51,13.76,831.7550569999997
Miami,2025-01-03 19:01:55.221209,2.57,360,18.57,17.63,1024,44,scattered clouds,40,10000,0,0,2025-01-03 05:07:55,2025-01-03 15:42:31,18.94,7.37,103.96938212499997
Seattle,2025-01-03 19:01:55.337781,1.79,122,6.95,5.85,1010,94,overcast clouds,100,10000,0,0,2025-01-03 08:57:21,2025-01-03 17:30:19,5.83,5.75,35.12895137500001
Denver,2025-01-03 19:01:55.433281,1.72,15,2.72,1.05,1018,61,overcast clouds,97,10000,0,0,2025-01-03 07:21:11,2025-01-03 16:47:42,1.03,-5.08,31.166743999999998
San Francisco,2025-01-03 19:01:55.521381,5.14,270,11.87,11.31,1020,84,scattered clouds,40,10000,0,0,2025-01-03 08:25:19,2025-01-03 18:03:03,9.87,8.67,831.7550569999997
Austin,2025-01-03 19:01:55.638229,0,0,16.05,15.85,1024,82,broken clouds,75,10000,0,0,2025-01-03 06:27:53,2025-01-03 16:43:00,23.1,12.45,0.0
Boston,2025-01-03 19:01:55.746065,6.17,250,-0.71,-6.44,1006,57,clear sky,0,10000,0,0,2025-01-03 05:13:30,2025-01-03 14:23:51,-6.46,-9.31,1438.6713171249999
Atlanta,2025-01-03 19:01:55.849473,7.2,310,4.88,0.29,1027,45,clear sky,0,10000,0,0,2025-01-03 05:42:41,2025-01-03 15:41:19,0.27,-6.12,2286.1440000000002
Phoenix,2025-01-03 19:01:55.941855,0.78,30,18.61,17.18,1014,25,overcast clouds,100,10000,0,0,2025-01-03 07:32:42,2025-01-03 17:32:52,19.98,3.61,2.906631
San Diego,2025-01-03 19:01:56.071298,3.6,80,13.15,12.58,1016,79,scattered clouds,40,10000,0,0,2025-01-03 07:51:17,2025-01-03 17:55:00,12.02,8.95,285.76800000000003
Las Vegas,2025-01-03 19:01:56.211570,2.57,160,13.04,11.16,1011,29,clear sky,0,10000,0,0,2025-01-03 07:51:52,2025-01-03 17:38:14,12.37,-1.16,103.96938212499997
Boulder,2025-01-03 19:11:56.372380,3.09,0,1.18,-2.16,1018,60,clear sky,0,10000,0,0,2025-01-03 07:23:07,2025-01-03 16:48:01,-2.18,-6.82,180.70972762499997
New York,2025-01-03 19:11:56.478300,6.17,290,0.03,-5.5,1008,68,scattered clouds,40,10000,0,0,2025-01-03 05:20:09,2025-01-03 14:40:47,-5.51,-6.37,1438.6713171249999
Los Angeles,2025-01-03 19:11:56.592358,5.14,270,13.23,12.67,1017,79,haze,0,10000,0,0,2025-01-03 07:58:53,2025-01-03 17:56:04,11.57,9.03,831.7550569999997
Chicago,2025-01-03 19:11:56.689890,0.45,323,-5.72,-5.72,1027,64,clear sky,0,10000,0,0,2025-01-03 06:18:15,2025-01-03 15:31:43,-5.17,-12.92,0.5581406250000001
Houston,2025-01-03 19:11:56.791649,5.14,120,18.65,18.53,1025,75,overcast clouds,100,10000,0,0,2025-01-03 06:17:15,2025-01-03 16:34:39,18.37,13.65,831.7550569999997
Miami,2025-01-03 19:11:56.924476,2.06,360,18.61,17.73,1024,46,few clouds,20,10000,0,0,2025-01-03 05:07:55,2025-01-03 15:42:31,19.19,7.81,53.543623
Seattle,2025-01-03 19:11:57.023201,3.6,140,6.93,4.45,1010,94,overcast clouds,100,10000,0,0,2025-01-03 08:57:21,2025-01-03 17:30:19,4.44,5.73,285.76800000000003
Denver,2025-01-03 19:11:57.155878,1.72,15,2.46,0.75,1018,62,overcast clouds,97,10000,0,0,2025-01-03 07:21:11,2025-01-03 16:47:42,0.73,-5.14,31.166743999999998
San Francisco,2025-01-03 19:11:57.256514,3.58,283,11.7,11.15,1020,85,clear sky,0,10000,0,0,2025-01-03 08:25:19,2025-01-03 18:03:03,10.26,8.7,281.03161100000005
Austin,2025-01-03 19:11:57.370668,0,0,15.92,15.71,1024,82,broken clouds,75,10000,0,0,2025-01-03 06:27:53,2025-01-03 16:43:00,23.01,12.32,0.0
Boston,2025-01-03 19:11:57.466504,6.17,250,-0.72,-6.45,1006,57,clear sky,0,10000,0,0,2025-01-03 05:13:30,2025-01-03 14:23:52,-6.47,-9.32,1438.6713171249999
Atlanta,2025-01-03 19:11:57.571734,6.69,320,4.48,-0.04,1027,44,clear sky,0,10000,0,0,2025-01-03 05:42:42,2025-01-03 15:41:20,-0.06,-6.72,1833.9371426250004
Phoenix,2025-01-03 19:11:57.697674,0.89,267,18.28,16.82,1014,25,overcast clouds,100,10000,0,0,2025-01-03 07:32:42,2025-01-03 17:32:52,19.51,3.28,4.317935125
San Diego,2025-01-03 19:11:57.841630,4.63,130,12.94,12.4,1016,81,scattered clouds,40,10000,0,0,2025-01-03 07:51:17,2025-01-03 17:55:00,11.38,9.14,607.9236878749999
Las Vegas,2025-01-03 19:11:57.957918,2.57,340,12.23,10.29,1011,30,clear sky,0,10000,0,0,2025-01-03 07:51:52,2025-01-03 17:38:14,11.41,-1.77,103.96938212499997
Boulder,2025-01-03 19:21:58.116078,3.09,0,1.18,-2.16,1018,60,clear sky,0,10000,0,0,2025-01-03 07:23:07,2025-01-03 16:48:01,-2.18,-6.82,180.70972762499997
New York,2025-01-03 19:21:58.228513,6.17,290,0.08,-5.43,1008,67,scattered clouds,40,10000,0,0,2025-01-03 05:20:09,2025-01-03 14:40:47,-5.45,-6.52,1438.6713171249999
Los Angeles,2025-01-03 19:21:58.350564,5.14,270,13.16,12.59,1017,79,haze,0,10000,0,0,2025-01-03 07:58:53,2025-01-03 17:56:04,11.49,8.96,831.7550569999997
Chicago,2025-01-03 19:21:58.453075,5.14,300,-5.93,-12.43,1027,64,clear sky,0,10000,0,0,2025-01-03 06:18:15,2025-01-03 15:31:43,-12.45,-13.13,831.7550569999997
Houston,2025-01-03 19:21:58.557610,5.14,120,18.48,18.34,1025,75,overcast clouds,100,10000,0,0,2025-01-03 06:17:15,2025-01-03 16:34:39,18.16,13.48,831.7550569999997
Miami,2025-01-03 19:21:58.663243,2.06,360,18.61,17.73,1024,46,few clouds,20,10000,0,0,2025-01-03 05:07:55,2025-01-03 15:42:31,19.19,7.81,53.543623
Seattle,2025-01-03 19:21:58.771300,3.6,140,6.82,4.32,1010,94,overcast clouds,100,10000,0,0,2025-01-03 08:57:23,2025-01-03 17:30:18,4.3,5.62,285.76800000000003
Denver,2025-01-03 19:21:58.900385,0.45,0,2.52,2.52,1018,61,overcast clouds,97,10000,0,0,2025-01-03 07:21:11,2025-01-03 16:47:42,3.48,-5.28,0.5581406250000001
San Francisco,2025-01-03 19:21:59.013814,3.58,283,11.7,11.15,1020,85,clear sky,0,10000,0,0,2025-01-03 08:25:19,2025-01-03 18:03:03,10.26,8.7,281.03161100000005
Austin,2025-01-03 19:21:59.115952,0,0,15.97,15.76,1024,82,broken clouds,75,10000,0,0,2025-01-03 06:27:53,2025-01-03 16:43:00,23.05,12.37,0.0
Boston,2025-01-03 19:21:59.236826,6.17,250,-0.8,-6.55,1006,57,clear sky,0,10000,0,0,2025-01-03 05:13:30,2025-01-03 14:23:51,-6.57,-9.4,1438.6713171249999
Atlanta,2025-01-03 19:21:59.332039,6.69,320,4.52,0.01,1027,44,clear sky,0,10000,0,0,2025-01-03 05:42:41,2025-01-03 15:41:19,-0.01,-6.68,1833.9371426250004
Phoenix,2025-01-03 19:21:59.460137,0.45,177,18.29,16.83,1014,25,overcast clouds,100,10000,0,0,2025-01-03 07:32:42,2025-01-03 17:32:52,20.04,3.29,0.5581406250000001
San Diego,2025-01-03 19:21:59.609385,4.63,130,12.92,12.38,1016,81,scattered clouds,40,10000,0,0,2025-01-03 07:51:17,2025-01-03 17:55:00,11.35,9.12,607.9236878749999
Las Vegas,2025-01-03 19:21:59.713620,2.57,340,12.21,10.27,1011,30,clear sky,0,10000,0,0,2025-01-03 07:51:52,2025-01-03 17:38:14,11.39,-1.79,103.96938212499997
Boulder,2025-01-03 19:31:59.890712,2.06,330,0.89,-1.49,1018,62,clear sky,0,10000,0,0,2025-01-03 07:23:07,2025-01-03 16:48:01,-1.51,-6.71,53.543623
New York,2025-01-03 19:32:00.130790,6.17,290,0.04,-5.48,1008,67,scattered clouds,40,10000,0,0,2025-01-03 05:20:09,2025-01-03 14:40:47,-5.5,-6.56,1438.6713171249999
Los Angeles,2025-01-03 19:32:00.257472,5.14,270,13.14,12.57,1017,79,haze,0,10000,0,0,2025-01-03 07:58:53,2025-01-03 17:56:04,11.46,8.94,831.7550569999997
Chicago,2025-01-03 19:32:00.360042,5.14,300,-6.12,-12.67,1028,62,clear sky,0,10000,0,0,2025-01-03 06:18:15,2025-01-03 15:31:43,-12.69,-13.72,831.7550569999997
Houston,2025-01-03 19:32:00.467623,5.14,120,18.47,18.33,1025,75,overcast clouds,100,10000,0,0,2025-01-03 06:17:14,2025-01-03 16:34:38,18.14,13.47,831.7550569999997
Miami,2025-01-03 19:32:00.604751,1.54,340,17.93,17.06,1024,49,clear sky,0,10000,0,0,2025-01-03 05:07:55,2025-01-03 15:42:31,18.66,7.73,22.370117
Seattle,2025-01-03 19:32:00.714815,3.6,140,6.9,4.41,1010,94,overcast clouds,100,10000,0,0,2025-01-03 08:57:21,2025-01-03 17:30:19,4.4,5.7,285.76800000000003
Denver,2025-01-03 19:32:00.813184,0.45,0,2.29,2.29,1018,62,overcast clouds,97,10000,0,0,2025-01-03 07:21:11,2025-01-03 16:47:42,3.24,-5.31,0.5581406250000001
San Francisco,2025-01-03 19:32:00.918725,3.13,267,11.49,10.91,1021,85,clear sky,0,10000,0,0,2025-01-03 08:25:19,2025-01-03 18:03:03,10.22,8.49,187.81881912499998
Austin,2025-01-03 19:32:01.033307,0,0,15.99,15.79,1024,82,broken clouds,75,10000,0,0,2025-01-03 06:27:53,2025-01-03 16:43:00,23.06,12.39,0.0
Boston,2025-01-03 19:32:01.397183,6.17,250,-0.82,-6.58,1005,57,clear sky,0,10000,0,0,2025-01-03 05:13:30,2025-01-03 14:23:51,-6.6,-9.42,1438.6713171249999
Atlanta,2025-01-03 19:32:01.506948,6.69,320,4.26,-0.32,1027,44,clear sky,0,10000,0,0,2025-01-03 05:42:42,2025-01-03 15:41:20,-0.34,-6.94,1833.9371426250004
Phoenix,2025-01-03 19:32:01.669585,0.45,179,18.19,16.72,1014,25,overcast clouds,100,10000,0,0,2025-01-03 07:32:42,2025-01-03 17:32:52,19.93,3.19,0.5581406250000001
San Diego,2025-01-03 19:32:01.780242,4.63,130,12.85,12.31,1016,81,scattered clouds,40,10000,0,0,2025-01-03 07:51:17,2025-01-03 17:55:00,11.26,9.05,607.9236878749999
Las Vegas,2025-01-03 19:32:01.896247,2.57,340,11.89,9.92,1011,30,clear sky,0,10000,0,0,2025-01-03 07:51:52,2025-01-03 17:38:15,11.01,-2.11,103.96938212499997
Boulder,2025-01-03 19:45:22.928972,2.06,330,0.55,-1.89,1018,63,clear sky,0,10000,0,0,2025-01-03 07:23:07,2025-01-03 16:48:01,-1.9,-6.85,53.543623
New York,2025-01-03 19:45:23.034911,6.17,290,-0.01,-5.55,1008,67,scattered clouds,40,10000,0,0,2025-01-03 05:20:09,2025-01-03 14:40:47,-5.57,-6.61,1438.6713171249999
Los Angeles,2025-01-03 19:45:23.140277,5.14,270,12.55,12.05,1018,84,clear sky,0,10000,0,0,2025-01-03 07:58:53,2025-01-03 17:56:04,10.72,9.35,831.7550569999997
Chicago,2025-01-03 19:45:23.254565,5.14,300,-6.12,-12.67,1028,62,clear sky,0,10000,0,0,2025-01-03 06:18:15,2025-01-03 15:31:43,-12.69,-13.72,831.7550569999997
Houston,2025-01-03 19:45:23.407468,5.14,130,18.44,18.32,1025,76,overcast clouds,100,10000,0,0,2025-01-03 06:17:15,2025-01-03 16:34:39,18.11,13.64,831.7550569999997
Miami,2025-01-03 19:45:23.554078,1.54,340,17.89,17.04,1024,50,clear sky,0,10000,0,0,2025-01-03 05:07:55,2025-01-03 15:42:31,18.61,7.89,22.370117
Seattle,2025-01-03 19:45:23.662824,3.6,140,6.94,4.46,1010,94,overcast clouds,100,10000,0,0,2025-01-03 08:57:21,2025-01-03 17:30:19,4.45,5.74,285.76800000000003
Denver,2025-01-03 19:45:23.787674,1.42,14,1.76,0.37,1018,64,overcast clouds,100,10000,0,0,2025-01-03 07:21:09,2025-01-03 16:47:42,0.36,-5.44,17.537638999999995
San Francisco,2025-01-03 19:45:23.913532,4.92,223,11.41,10.85,1021,86,clear sky,0,10000,0,0,2025-01-03 08:25:19,2025-01-03 18:03:03,9.37,8.61,729.4598639999999
Austin,2025-01-03 19:45:24.040329,0,0,16.17,15.98,1024,82,overcast clouds,100,10000,0,0,2025-01-03 06:27:53,2025-01-03 16:43:00,23.17,12.57,0.0
Boston,2025-01-03 19:45:24.161522,6.17,250,-0.83,-6.59,1005,57,clear sky,0,10000,0,0,2025-01-03 05:13:30,2025-01-03 14:23:51,-6.61,-9.43,1438.6713171249999
Atlanta,2025-01-03 19:45:24.268686,6.69,320,4.02,-0.63,1027,43,clear sky,0,10000,0,0,2025-01-03 05:42:42,2025-01-03 15:41:20,-0.65,-7.38,1833.9371426250004
Phoenix,2025-01-03 19:45:24.394333,0.89,112,17.66,16.16,1014,26,overcast clouds,100,10000,0,0,2025-01-03 07:32:42,2025-01-03 17:32:52,18.83,2.86,4.317935125
San Diego,2025-01-03 19:45:24.501147,4.63,130,12.53,11.9,1017,79,scattered clouds,40,10000,0,0,2025-01-03 07:51:17,2025-01-03 17:55:00,10.87,8.33,607.9236878749999
Las Vegas,2025-01-03 19:45:24.620245,2.57,340,11.83,9.85,1011,30,clear sky,0,10000,0,0,2025-01-03 07:51:52,2025-01-03 17:38:14,10.94,-2.17,103.96938212499997
Boulder,2025-01-03 19:55:24.747079,2.06,220,0.28,-2.2,1018,64,clear sky,0,10000,0,0,2025-01-03 07:23:07,2025-01-03 16:48:01,-2.22,-6.92,53.543623
New York,2025-01-03 19:55:24.848493,5.36,299,-0.25,-5.43,1008,68,clear sky,0,10000,0,0,2025-01-03 05:20:09,2025-01-03 14:40:47,-5.45,-6.65,943.1927680000002
Los Angeles,2025-01-03 19:55:24.955955,5.14,270,12.5,12.0,1018,84,clear sky,0,10000,0,0,2025-01-03 07:58:53,2025-01-03 17:56:04,10.66,9.3,831.7550569999997
Chicago,2025-01-03 19:55:25.054285,5.14,300,-6.09,-12.63,1028,62,clear sky,0,10000,0,0,2025-01-03 06:18:15,2025-01-03 15:31:43,-12.65,-13.69,831.7550569999997
Houston,2025-01-03 19:55:25.158619,4.12,130,18.29,18.16,1025,76,overcast clouds,100,10000,0,0,2025-01-03 06:17:15,2025-01-03 16:34:39,18.15,13.49,428.348984
Miami,2025-01-03 19:55:25.297934,1.54,340,17.65,16.8,1024,51,clear sky,0,10000,0,0,2025-01-03 05:07:55,2025-01-03 15:42:31,18.34,7.85,22.370117
Seattle,2025-01-03 19:55:25.389057,3.6,140,6.97,4.5,1010,94,overcast clouds,100,10000,0,0,2025-01-03 08:57:21,2025-01-03 17:30:19,4.48,5.77,285.76800000000003
Denver,2025-01-03 19:55:25.512293,1.42,19,1.65,0.25,1018,64,overcast clouds,98,10000,0,0,2025-01-03 07:21:11,2025-01-03 16:47:42,0.23,-5.55,17.537638999999995
San Francisco,2025-01-03 19:55:25.610702,3.58,248,11.33,10.76,1021,86,clear sky,0,10000,0,0,2025-01-03 08:25:19,2025-01-03 18:03:03,9.81,8.53,281.03161100000005
Austin,2025-01-03 19:55:25.719006,0,0,16.09,15.9,1024,82,overcast clouds,100,10000,0,0,2025-01-03 06:27:53,2025-01-03 16:43:00,23.12,12.49,0.0
Boston,2025-01-03 19:55:25.821409,6.17,250,-0.84,-6.6,1005,57,clear sky,0,10000,0,0,2025-01-03 05:13:30,2025-01-03 14:23:51,-6.62,-9.44,1438.6713171249999
Atlanta,2025-01-03 19:55:25.902103,6.69,320,3.97,-0.69,1027,43,clear sky,0,10000,0,0,2025-01-03 05:42:41,2025-01-03 15:41:19,-0.71,-7.43,1833.9371426250004
Phoenix,2025-01-03 19:55:26.012913,0.45,44,17.55,16.04,1014,26,overcast clouds,100,10000,0,0,2025-01-03 07:32:42,2025-01-03 17:32:52,19.26,2.75,0.5581406250000001
San Diego,2025-01-03 19:55:26.127017,4.63,130,12.4,11.78,1017,80,scattered clouds,40,10000,0,0,2025-01-03 07:51:17,2025-01-03 17:55:00,10.7,8.4,607.9236878749999
Las Vegas,2025-01-03 19:55:26.217723,2.57,340,11.72,9.76,1011,31,clear sky,0,10000,0,0,2025-01-03 07:51:52,2025-01-03 17:38:14,10.81,-2.08,103.96938212499997
Boulder,2025-01-03 20:05:26.356304,2.06,0,-0.02,-2.55,1018,65,clear sky,0,10000,0,0,2025-01-03 07:23:07,2025-01-03 16:48:01,-2.57,-7.02,53.543623
New York,2025-01-03 20:05:26.477394,5.14,270,-0.25,-5.31,1008,67,clear sky,0,10000,0,0,2025-01-03 05:20:09,2025-01-03 14:40:47,-5.33,-6.85,831.7550569999997
Los Angeles,2025-01-03 20:05:26.603851,3.09,180,12.48,11.98,1018,84,scattered clouds,40,10000,0,0,2025-01-03 07:58:53,2025-01-03 17:56:04,11.43,9.28,180.70972762499997
Chicago,2025-01-03 20:05:26.713332,4.63,290,-6.11,-12.29,1028,61,clear sky,0,10000,0,0,2025-01-03 06:18:15,2025-01-03 15:31:43,-12.31,-13.91,607.9236878749999
Houston,2025-01-03 20:05:26.837933,4.12,130,18.21,18.07,1025,76,overcast clouds,100,10000,0,0,2025-01-03 06:17:15,2025-01-03 16:34:39,18.05,13.41,428.348984
Miami,2025-01-03 20:05:26.939307,3.09,340,17.65,16.75,1024,49,scattered clouds,40,10000,0,0,2025-01-03 05:07:55,2025-01-03 15:42:31,17.66,7.45,180.70972762499997
Seattle,2025-01-03 20:05:27.047396,1.79,94,6.94,5.84,1010,94,overcast clouds,100,10000,0,0,2025-01-03 08:57:21,2025-01-03 17:30:19,5.82,5.74,35.12895137500001
Denver,2025-01-03 20:05:27.169602,1.42,19,1.54,0.12,1018,65,overcast clouds,98,10000,0,0,2025-01-03 07:21:11,2025-01-03 16:47:42,0.11,-5.46,17.537638999999995
San Francisco,2025-01-03 20:05:27.282146,5.81,286,11.34,10.78,1021,86,few clouds,20,10000,0,0,2025-01-03 08:25:19,2025-01-03 18:03:03,8.99,8.54,1201.2530136249998
Austin,2025-01-03 20:05:27.383445,1.54,40,15.92,15.73,1024,83,overcast clouds,100,10000,0,0,2025-01-03 06:27:53,2025-01-03 16:43:00,16.36,12.52,22.370117
Boston,2025-01-03 20:05:27.512329,5.14,250,-0.86,-6.07,1005,57,clear sky,0,10000,0,0,2025-01-03 05:13:30,2025-01-03 14:23:51,-6.09,-9.46,831.7550569999997
Atlanta,2025-01-03 20:05:27.646458,5.14,320,3.67,-0.4,1027,43,clear sky,0,10000,0,0,2025-01-03 05:42:41,2025-01-03 15:41:19,-0.41,-7.73,831.7550569999997
Phoenix,2025-01-03 20:05:27.778138,0.45,176,17.8,16.26,1014,24,broken clouds,75,10000,0,0,2025-01-03 07:32:42,2025-01-03 17:32:52,19.52,2.6,0.5581406250000001
San Diego,2025-01-03 20:05:27.881938,3.09,100,12.25,11.7,1017,83,clear sky,0,10000,0,0,2025-01-03 07:51:17,2025-01-03 17:55:00,11.16,8.85,180.70972762499997
Las Vegas,2025-01-03 20:05:28.010921,2.57,60,11.31,9.31,1011,31,scattered clouds,40,10000,0,0,2025-01-03 07:51:52,2025-01-03 17:38:14,10.32,-2.49,103.96938212499997
Boulder,2025-01-03 20:15:28.226300,2.06,0,-0.11,-2.66,1018,65,clear sky,0,10000,0,0,2025-01-03 07:23:07,2025-01-03 16:48:01,-2.68,-7.11,53.543623
New York,2025-01-03 20:15:28.337727,5.36,308,-0.29,-5.48,1008,67,clear sky,0,10000,0,0,2025-01-03 05:20:09,2025-01-03 14:40:47,-5.5,-6.89,943.1927680000002
Los Angeles,2025-01-03 20:15:28.452887,4.12,270,12.51,12.01,1018,84,clear sky,0,10000,0,0,2025-01-03 07:58:53,2025-01-03 17:56:04,11.03,9.31,428.348984
Chicago,2025-01-03 20:15:28.561847,4.63,290,-6.24,-12.45,1028,61,clear sky,0,10000,0,0,2025-01-03 06:18:15,2025-01-03 15:31:43,-12.47,-14.04,607.9236878749999
Houston,2025-01-03 20:15:28.692025,4.12,130,18.21,18.07,1025,76,overcast clouds,100,10000,0,0,2025-01-03 06:17:15,2025-01-03 16:34:39,18.05,13.41,428.348984
Miami,2025-01-03 20:15:28.801986,3.09,340,17.65,16.75,1024,49,scattered clouds,40,10000,0,0,2025-01-03 05:07:55,2025-01-03 15:42:31,17.66,7.45,180.70972762499997
Seattle,2025-01-03 20:15:28.915784,3.13,102,6.96,4.77,1010,94,overcast clouds,100,10000,0,0,2025-01-03 08:57:21,2025-01-03 17:30:19,4.76,5.76,187.81881912499998
Denver,2025-01-03 20:15:29.028491,1.42,19,1.46,0.03,1018,66,overcast clouds,98,10000,0,0,2025-01-03 07:21:11,2025-01-03 16:47:42,0.02,-5.34,17.537638999999995
San Francisco,2025-01-03 20:15:29.140669,5.81,286,11.34,10.78,1021,86,few clouds,20,10000,0,0,2025-01-03 08:25:19,2025-01-03 18:03:03,8.99,8.54,1201.2530136249998
Austin,2025-01-03 20:15:29.256848,1.54,40,15.85,15.66,1024,83,overcast clouds,100,10000,0,0,2025-01-03 06:27:54,2025-01-03 16:43:00,16.28,12.45,22.370117
Boston,2025-01-03 20:15:29.359376,5.14,250,-0.92,-6.15,1005,57,clear sky,0,10000,0,0,2025-01-03 05:13:30,2025-01-03 14:23:52,-6.17,-9.52,831.7550569999997
Atlanta,2025-01-03 20:15:29.474502,5.14,320,3.53,-0.57,1027,43,clear sky,0,10000,0,0,2025-01-03 05:42:41,2025-01-03 15:41:20,-0.59,-7.87,831.7550569999997
Phoenix,2025-01-03 20:15:29.605656,0.45,176,17.95,16.4,1014,23,broken clouds,75,10000,0,0,2025-01-03 07:32:42,2025-01-03 17:32:52,19.68,2.55,0.5581406250000001
San Diego,2025-01-03 20:15:29.731039,3.13,112,12.37,11.8,1017,82,haze,20,10000,0,0,2025-01-03 07:51:17,2025-01-03 17:55:00,11.28,8.77,187.81881912499998
Las Vegas,2025-01-03 20:15:29.856782,2.57,60,11.37,9.37,1011,31,scattered clouds,40,10000,0,0,2025-01-03 07:51:52,2025-01-03 17:38:14,10.39,-2.43,103.96938212499997
Boulder,2025-01-03 20:25:30.066112,2.06,330,-0.09,-2.63,1018,66,clear sky,0,10000,0,0,2025-01-03 07:23:07,2025-01-03 16:48:01,-2.65,-6.89,53.543623
New York,2025-01-03 20:25:30.206813,5.14,270,-0.39,-5.49,1008,68,clear sky,0,10000,0,0,2025-01-03 05:20:09,2025-01-03 14:40:47,-5.5,-6.79,831.7550569999997
Los Angeles,2025-01-03 20:25:30.367145,4.12,270,12.52,12.02,1018,84,clear sky,0,10000,0,0,2025-01-03 07:58:53,2025-01-03 17:56:04,11.04,9.32,428.348984
Chicago,2025-01-03 20:25:30.475451,4.63,290,-6.24,-12.45,1028,61,clear sky,0,10000,0,0,2025-01-03 06:18:15,2025-01-03 15:31:43,-12.47,-14.04,607.9236878749999
Houston,2025-01-03 20:25:30.601543,4.12,140,17.96,17.82,1025,77,overcast clouds,100,10000,0,0,2025-01-03 06:17:14,2025-01-03 16:34:38,17.74,13.36,428.348984
Miami,2025-01-03 20:25:30.705706,3.09,340,17.73,16.84,1024,49,scattered clouds,40,10000,0,0,2025-01-03 05:07:55,2025-01-03 15:42:31,17.76,7.53,180.70972762499997
Seattle,2025-01-03 20:25:30.856605,3.13,102,6.96,4.77,1010,94,overcast clouds,100,10000,0,0,2025-01-03 08:57:21,2025-01-03 17:30:19,4.76,5.76,187.81881912499998
Denver,2025-01-03 20:25:30.949771,1.42,19,1.2,-0.26,1018,66,overcast clouds,98,10000,0,0,2025-01-03 07:21:11,2025-01-03 16:47:42,-0.28,-5.6,17.537638999999995
San Francisco,2025-01-03 20:25:31.086031,4.47,275,11.28,10.71,1021,86,few clouds,20,10000,0,0,2025-01-03 08:25:19,2025-01-03 18:03:03,9.37,8.48,547.0520658749999
Austin,2025-01-03 20:25:31.256575,0,0,15.95,15.77,1024,83,scattered clouds,40,10000,0,0,2025-01-03 06:27:54,2025-01-03 16:43:00,23.03,12.55,0.0
Boston,2025-01-03 20:25:31.370781,2.24,180,-1.07,-4.0,1005,58,clear sky,0,10000,0,0,2025-01-03 05:13:30,2025-01-03 14:23:51,-4.02,-9.47,68.84147200000002
Atlanta,2025-01-03 20:25:31.534208,5.14,320,3.4,-0.73,1027,43,clear sky,0,10000,0,0,2025-01-03 05:42:42,2025-01-03 15:41:19,-0.75,-8.0,831.7550569999997
Phoenix,2025-01-03 20:25:31.634946,0,0,18.36,16.8,1014,21,broken clouds,75,10000,0,0,2025-01-03 07:32:42,2025-01-03 17:32:52,24.53,2.56,0.0
San Diego,2025-01-03 20:25:31.788278,2.68,151,12.36,11.79,1017,82,haze,20,10000,0,0,2025-01-03 07:51:17,2025-01-03 17:55:00,11.5,8.76,117.89909600000003
Las Vegas,2025-01-03 20:25:31.893316,2.57,60,11.36,9.36,1011,31,scattered clouds,40,10000,0,0,2025-01-03 07:51:52,2025-01-03 17:38:14,10.38,-2.44,103.96938212499997
Boulder,2025-01-03 20:35:32.096770,2.06,330,-0.24,-2.81,1019,67,clear sky,0,10000,0,0,2025-01-03 07:23:07,2025-01-03 16:48:01,-2.83,-6.84,53.543623
New York,2025-01-03 20:35:32.239439,5.14,270,-0.46,-5.57,1008,68,clear sky,0,10000,0,0,2025-01-03 05:20:09,2025-01-03 14:40:47,-5.59,-6.86,831.7550569999997
Los Angeles,2025-01-03 20:35:32.376590,4.12,250,12.51,11.93,1018,81,clear sky,0,10000,0,0,2025-01-03 07:58:53,2025-01-03 17:56:04,11.03,8.71,428.348984
Chicago,2025-01-03 20:35:32.509769,4.63,290,-6.28,-12.5,1028,61,clear sky,0,10000,0,0,2025-01-03 06:18:15,2025-01-03 15:31:43,-12.52,-14.08,607.9236878749999
Houston,2025-01-03 20:35:32.651011,4.12,140,17.97,17.83,1025,77,overcast clouds,100,10000,0,0,2025-01-03 06:17:15,2025-01-03 16:34:39,17.75,13.37,428.348984
Miami,2025-01-03 20:35:32.774357,3.09,340,17.54,16.68,1024,51,scattered clouds,40,10000,0,0,2025-01-03 05:07:55,2025-01-03 15:42:31,17.53,7.74,180.70972762499997
Seattle,2025-01-03 20:35:32.875827,3.58,87,6.94,4.47,1010,94,light rain,100,10000,0.14,0,2025-01-03 08:57:21,2025-01-03 17:30:19,4.46,5.74,281.03161100000005
Denver,2025-01-03 20:35:33.024128,1.42,19,1.26,-0.19,1018,66,overcast clouds,98,10000,0,0,2025-01-03 07:21:11,2025-01-03 16:47:42,-0.21,-5.54,17.537638999999995
San Francisco,2025-01-03 20:35:33.171514,4.47,172,11.36,10.82,1021,87,few clouds,20,10000,0,0,2025-01-03 08:25:19,2025-01-03 18:03:03,9.47,8.76,547.0520658749999
Austin,2025-01-03 20:35:33.290344,0,0,15.88,15.69,1024,83,scattered clouds,40,10000,0,0,2025-01-03 06:27:53,2025-01-03 16:43:00,22.99,12.48,0.0
Boston,2025-01-03 20:35:33.422714,2.24,278,-1.17,-4.12,1004,58,clear sky,0,10000,0,0,2025-01-03 05:13:30,2025-01-03 14:23:52,-4.13,-9.57,68.84147200000002
Atlanta,2025-01-03 20:35:33.577579,5.14,320,3.4,-0.73,1027,42,clear sky,0,10000,0,0,2025-01-03 05:42:41,2025-01-03 15:41:19,-0.75,-8.2,831.7550569999997
Phoenix,2025-01-03 20:35:33.690406,0,0,17.97,16.4,1014,22,broken clouds,75,10000,0,0,2025-01-03 07:32:42,2025-01-03 17:32:52,24.29,2.37,0.0
San Diego,2025-01-03 20:35:33.832381,2.06,160,11.89,11.33,1019,84,haze,20,10000,0,0,2025-01-03 07:51:17,2025-01-03 17:55:00,11.34,8.69,53.543623
Las Vegas,2025-01-03 20:35:33.965066,2.57,60,11.68,9.61,1011,27,scattered clouds,40,10000,0,0,2025-01-03 07:51:52,2025-01-03 17:38:14,10.76,-2.92,103.96938212499997
Boulder,2025-01-03 20:45:34.145801,2.57,10,-0.39,-3.56,1019,68,clear sky,0,10000,0,0,2025-01-03 07:23:07,2025-01-03 16:48:01,-3.57,-6.79,103.96938212499997
New York,2025-01-03 20:45:34.284312,5.14,270,-0.52,-5.65,1008,68,clear sky,0,10000,0,0,2025-01-03 05:20:09,2025-01-03 14:40:47,-5.67,-6.92,831.7550569999997
Los Angeles,2025-01-03 20:45:34.475856,4.12,250,12.5,11.92,1018,81,clear sky,0,10000,0,0,2025-01-03 07:58:53,2025-01-03 17:56:04,11.01,8.7,428.348984
Chicago,2025-01-03 20:45:34.654183,4.63,290,-6.3,-12.53,1027,61,clear sky,0,10000,0,0,2025-01-03 06:18:15,2025-01-03 15:31:43,-12.55,-14.1,607.9236878749999
Houston,2025-01-03 20:45:34.811378,4.12,140,17.84,17.69,1025,77,overcast clouds,100,10000,0,0,2025-01-03 06:17:15,2025-01-03 16:34:39,17.59,13.24,428.348984
Miami,2025-01-03 20:45:34.915120,3.09,340,17.42,16.6,1024,53,scattered clouds,40,10000,0,0,2025-01-03 05:07:55,2025-01-03 15:42:31,17.38,8.02,180.70972762499997
Seattle,2025-01-03 20:45:35.088305,2.24,93,6.92,5.39,1011,94,overcast clouds,100,10000,0,0,2025-01-03 08:57:21,2025-01-03 17:30:19,5.37,5.72,68.84147200000002
Denver,2025-01-03 20:45:35.205924,1.49,18,1.02,-0.58,1018,67,broken clouds,76,10000,0,0,2025-01-03 07:21:11,2025-01-03 16:47:42,-0.59,-5.58,20.261187624999998
San Francisco,2025-01-03 20:45:35.372084,3.09,230,11.22,10.67,1021,87,few clouds,20,10000,0,0,2025-01-03 08:25:19,2025-01-03 18:03:03,9.92,8.62,180.70972762499997
Austin,2025-01-03 20:45:35.580749,0,0,15.83,15.66,1024,84,scattered clouds,40,10000,0,0,2025-01-03 06:27:53,2025-01-03 16:43:00,22.96,12.63,0.0
Boston,2025-01-03 20:45:35.675703,1.79,224,-1.16,-3.52,1004,59,clear sky,0,10000,0,0,2025-01-03 05:13:30,2025-01-03 14:23:51,-3.54,-9.36,35.12895137500001
Atlanta,2025-01-03 20:45:35.790143,5.14,320,3.13,-1.07,1027,43,clear sky,0,10000,0,0,2025-01-03 05:42:41,2025-01-03 15:41:19,-1.09,-8.27,831.7550569999997
Phoenix,2025-01-03 20:45:35.931769,0,0,17.99,16.45,1014,23,broken clouds,75,10000,0,0,2025-01-03 07:32:42,2025-01-03 17:32:52,24.3,2.59,0.0
San Diego,2025-01-03 20:45:36.076095,2.06,160,11.86,11.29,1019,84,haze,20,10000,0,0,2025-01-03 07:51:18,2025-01-03 17:55:00,11.3,8.66,53.543623
Las Vegas,2025-01-03 20:45:36.203715,2.57,60,11.44,9.34,1011,27,scattered clouds,40,10000,0,0,2025-01-03 07:51:52,2025-01-03 17:38:14,10.47,-3.16,103.96938212499997
Boulder,2025-01-03 21:52:52.635069,3.6,10,-1.02,-5.24,1018,73,clear sky,0,10000,0,0,2025-01-03 07:23:07,2025-01-03 16:48:01,-5.25,-6.42,285.76800000000003
New York,2025-01-03 21:52:52.768340,5.14,280,-0.76,-5.95,1008,66,clear sky,0,10000,0,0,2025-01-03 05:20:09,2025-01-03 14:40:47,-5.97,-7.56,831.7550569999997
Los Angeles,2025-01-03 21:52:52.991546,3.09,250,11.94,11.33,1018,82,haze,100,10000,0,0,2025-01-03 07:58:53,2025-01-03 17:56:04,10.78,8.34,180.70972762499997
Chicago,2025-01-03 21:52:53.206205,3.13,336,-6.91,-11.94,1027,63,clear sky,0,10000,0,0,2025-01-03 06:18:15,2025-01-03 15:31:43,-11.96,-14.31,187.81881912499998
Houston,2025-01-03 21:52:53.394766,3.6,130,17.6,17.43,1025,77,overcast clouds,100,10000,0,0,2025-01-03 06:17:14,2025-01-03 16:34:38,17.44,13.0,285.76800000000003
Miami,2025-01-03 21:52:53.603122,4.12,350,16.15,15.39,1024,60,clear sky,0,10000,0,0,2025-01-03 05:07:55,2025-01-03 15:42:31,15.51,8.15,428.348984
Seattle,2025-01-03 21:52:53.823248,2.57,140,6.74,4.91,1012,94,overcast clouds,100,10000,0,0,2025-01-03 08:57:21,2025-01-03 17:30:19,4.89,5.54,103.96938212499997
Denver,2025-01-03 21:52:54.060001,0.45,34,0.06,0.06,1017,72,broken clouds,81,10000,0,0,2025-01-03 07:21:11,2025-01-03 16:47:42,0.9,-5.54,0.5581406250000001
San Francisco,2025-01-03 21:52:54.277561,3.6,240,10.95,10.4,1021,88,clear sky,0,10000,0,0,2025-01-03 08:25:19,2025-01-03 18:03:03,9.34,8.55,285.76800000000003
Austin,2025-01-03 21:52:54.493788,0,0,15.45,15.27,1023,85,overcast clouds,100,10000,0,0,2025-01-03 06:27:53,2025-01-03 16:43:00,22.72,12.45,0.0
Boston,2025-01-03 21:52:54.694785,7.2,250,-1.76,-8.27,1004,60,clear sky,0,10000,0,0,2025-01-03 05:13:30,2025-01-03 14:23:51,-8.29,-9.76,2286.1440000000002
Atlanta,2025-01-03 21:52:54.841113,5.14,300,2.38,-2.01,1028,44,clear sky,0,10000,0,0,2025-01-03 05:42:41,2025-01-03 15:41:19,-2.03,-8.82,831.7550569999997
Phoenix,2025-01-03 21:52:55.110686,2.06,290,16.98,15.39,1014,25,scattered clouds,40,10000,0,0,2025-01-03 07:32:42,2025-01-03 17:32:52,17.28,1.98,53.543623
San Diego,2025-01-03 21:52:55.506590,3.6,280,11.49,10.99,1019,88,haze,75,8047,0,0,2025-01-03 07:51:17,2025-01-03 17:55:00,9.99,9.09,285.76800000000003
Las Vegas,2025-01-03 21:52:55.619397,1.54,220,10.86,8.92,1011,35,scattered clouds,40,10000,0,0,2025-01-03 07:51:52,2025-01-03 17:38:14,10.58,-2.14,22.370117
Boulder,2025-01-03 22:02:55.742763,3.6,10,-1.25,-5.52,1018,74,clear sky,0,10000,0,0,2025-01-03 07:23:07,2025-01-03 16:48:01,-5.53,-6.45,285.76800000000003
New York,2025-01-03 22:02:55.854969,4.12,310,-0.76,-5.3,1008,65,clear sky,0,10000,0,0,2025-01-04 05:20:09,2025-01-04 14:41:41,-5.32,-7.76,428.348984
Los Angeles,2025-01-03 22:02:55.959480,3.09,250,11.93,11.35,1018,83,haze,100,10000,0,0,2025-01-03 07:58:53,2025-01-03 17:56:04,10.77,8.53,180.70972762499997
Chicago,2025-01-03 22:02:56.052765,3.13,336,-6.95,-11.99,1027,63,clear sky,0,10000,0,0,2025-01-03 06:18:15,2025-01-03 15:31:43,-12.01,-14.35,187.81881912499998
Houston,2025-01-03 22:02:56.189479,3.6,130,17.58,17.4,1025,77,overcast clouds,100,10000,0,0,2025-01-03 06:17:15,2025-01-03 16:34:39,17.42,12.98,285.76800000000003
Miami,2025-01-03 22:02:56.299672,1.34,307,16.17,15.44,1024,61,scattered clouds,42,10000,0,0,2025-01-03 05:07:55,2025-01-03 15:42:31,16.79,8.37,14.737387000000004
Seattle,2025-01-03 22:02:56.419204,2.57,140,6.61,4.75,1012,94,scattered clouds,40,10000,0,0,2025-01-03 08:57:21,2025-01-03 17:30:19,4.74,5.41,103.96938212499997
Denver,2025-01-03 22:02:56.537705,1.59,342,-0.17,-2.09,1017,72,broken clouds,81,10000,0,0,2025-01-03 07:21:10,2025-01-03 16:47:42,-2.11,-5.77,24.620533875000007
San Francisco,2025-01-03 22:02:56.661139,3.6,240,10.9,10.34,1021,88,clear sky,0,10000,0,0,2025-01-03 08:25:19,2025-01-03 18:03:03,9.28,8.5,285.76800000000003
Austin,2025-01-03 22:02:56.786376,1.54,180,15.49,15.34,1023,86,overcast clouds,100,10000,0,0,2025-01-03 06:27:53,2025-01-03 16:43:00,15.87,12.69,22.370117
Boston,2025-01-03 22:02:56.906261,7.2,250,-1.76,-8.27,1004,59,clear sky,0,10000,0,0,2025-01-03 05:13:30,2025-01-03 14:23:51,-8.29,-9.96,2286.1440000000002
Atlanta,2025-01-03 22:02:57.035324,4.63,310,2.16,-2.01,1028,45,clear sky,0,10000,0,0,2025-01-04 05:42:48,2025-01-04 15:42:06,-2.03,-8.84,607.9236878749999
Phoenix,2025-01-03 22:02:57.149746,0.57,189,16.49,14.82,1014,24,overcast clouds,99,10000,0,0,2025-01-03 07:32:42,2025-01-03 17:32:52,17.95,1.29,1.1343071249999996
San Diego,2025-01-03 22:02:57.246503,1.34,282,11.51,11.04,1019,89,haze,75,8047,0,0,2025-01-03 07:51:17,2025-01-03 17:55:00,11.52,9.31,14.737387000000004
Las Vegas,2025-01-03 22:02:57.362862,1.54,220,11.06,9.14,1010,35,scattered clouds,40,10000,0,0,2025-01-03 07:51:52,2025-01-03 17:38:14,10.81,-1.94,22.370117
Boulder,2025-01-03 23:23:32.195495,3.09,350,-2.79,-6.94,1016,79,clear sky,0,10000,0,0,2025-01-03 07:23:07,2025-01-03 16:48:01,-6.96,-6.99,180.70972762499997
New York,2025-01-03 23:23:32.299131,8.75,300,-0.95,-7.85,1008,56,clear sky,0,10000,0,0,2025-01-04 05:20:09,2025-01-04 14:41:41,-7.87,-9.75,4103.271484375
Los Angeles,2025-01-03 23:23:32.401858,3.09,110,11.5,10.95,1018,86,mist,100,10000,0,0,2025-01-03 07:58:53,2025-01-03 17:56:04,10.25,8.7,180.70972762499997
Chicago,2025-01-03 23:23:32.517164,3.13,307,-7.85,-13.07,1028,62,clear sky,0,10000,0,0,2025-01-04 06:18:14,2025-01-04 15:32:37,-13.1,-15.45,187.81881912499998
Houston,2025-01-03 23:23:32.637646,5.14,120,17.56,17.41,1024,78,overcast clouds,100,10000,0,0,2025-01-04 06:17:25,2025-01-04 16:35:23,17.0,13.16,831.7550569999997
Miami,2025-01-03 23:23:32.748959,3.09,320,15.47,14.72,1023,63,few clouds,20,10000,0,0,2025-01-04 05:08:07,2025-01-04 15:43:12,15.04,8.07,180.70972762499997
Seattle,2025-01-03 23:23:32.845105,3.6,130,5.91,3.21,1012,94,clear sky,0,10000,0,0,2025-01-03 08:57:21,2025-01-03 17:30:19,3.19,4.71,285.76800000000003
Denver,2025-01-03 23:23:32.966872,0.45,10,0.03,0.03,1017,72,broken clouds,84,10000,0,0,2025-01-03 07:21:10,2025-01-03 16:47:42,0.87,-5.57,0.5581406250000001
San Francisco,2025-01-03 23:23:33.070187,3.09,240,10.71,10.13,1021,88,few clouds,20,10000,0,0,2025-01-03 08:25:19,2025-01-03 18:03:03,9.3,8.31,180.70972762499997
Austin,2025-01-03 23:23:33.179908,2.57,150,15.71,15.58,1023,86,broken clouds,75,10000,0,0,2025-01-04 06:28:03,2025-01-04 16:43:44,15.54,12.91,103.96938212499997
Boston,2025-01-03 23:23:33.289197,2.24,252,-2.35,-5.5,1003,62,clear sky,1,10000,0,0,2025-01-04 05:13:28,2025-01-04 14:24:46,-5.52,-9.95,68.84147200000002
Atlanta,2025-01-03 23:23:33.390166,4.63,310,1.52,-2.81,1028,49,clear sky,0,10000,0,0,2025-01-04 05:42:48,2025-01-04 15:42:06,-2.82,-8.68,607.9236878749999
Phoenix,2025-01-03 23:23:33.497211,2.06,90,15.55,13.81,1014,25,broken clouds,75,10000,0,0,2025-01-03 07:32:42,2025-01-03 17:32:52,15.61,0.55,53.543623
San Diego,2025-01-03 23:23:33.604771,2.06,60,11.04,10.52,1019,89,haze,75,8047,0,0,2025-01-03 07:51:17,2025-01-03 17:55:00,10.35,8.84,53.543623
Las Vegas,2025-01-03 23:23:33.751672,1.54,0,9.58,9.13,1010,34,clear sky,0,10000,0,0,2025-01-03 07:51:52,2025-01-03 17:38:14,9.12,-3.62,22.370117
Boulder,2025-01-03 23:33:34.086780,3.09,350,-2.8,-6.95,1016,79,clear sky,0,10000,0,0,2025-01-03 07:23:07,2025-01-03 16:48:01,-6.97,-7.0,180.70972762499997
New York,2025-01-03 23:33:34.230249,8.75,300,-0.98,-7.89,1008,55,clear sky,0,10000,0,0,2025-01-04 05:20:09,2025-01-04 14:41:40,-7.91,-9.98,4103.271484375
Los Angeles,2025-01-03 23:33:34.360964,3.09,110,11.35,10.79,1018,86,mist,100,10000,0,0,2025-01-03 07:58:53,2025-01-03 17:56:04,10.07,8.55,180.70972762499997
Chicago,2025-01-03 23:33:34.500825,3.13,354,-7.88,-13.11,1028,62,clear sky,0,10000,0,0,2025-01-04 06:18:14,2025-01-04 15:32:37,-13.13,-15.48,187.81881912499998
Houston,2025-01-03 23:33:34.639327,4.63,110,17.59,17.44,1024,78,overcast clouds,100,10000,0,0,2025-01-04 06:17:25,2025-01-04 16:35:23,17.16,13.19,607.9236878749999
Miami,2025-01-03 23:33:34.778534,3.09,320,14.66,13.98,1023,69,clear sky,0,10000,0,0,2025-01-04 05:08:07,2025-01-04 15:43:12,14.06,8.46,180.70972762499997
Seattle,2025-01-03 23:33:34.894914,3.6,130,5.59,2.82,1013,94,clear sky,0,10000,0,0,2025-01-03 08:57:21,2025-01-03 17:30:19,2.8,4.39,285.76800000000003
Denver,2025-01-03 23:33:35.025400,1.08,354,0.03,0.03,1017,70,broken clouds,84,10000,0,0,2025-01-03 07:21:11,2025-01-03 16:47:42,-0.98,-5.97,7.715736000000001
San Francisco,2025-01-03 23:33:35.165095,1.79,202,10.64,10.06,1021,88,few clouds,20,10000,0,0,2025-01-03 08:25:19,2025-01-03 18:03:03,10.1,8.24,35.12895137500001
Austin,2025-01-03 23:33:35.311616,2.57,150,15.88,15.77,1022,86,broken clouds,75,10000,0,0,2025-01-04 06:28:03,2025-01-04 16:43:44,15.75,13.08,103.96938212499997
Boston,2025-01-03 23:33:35.439719,2.24,251,-2.39,-5.55,1003,62,clear sky,4,10000,0,0,2025-01-04 05:13:28,2025-01-04 14:24:47,-5.57,-9.99,68.84147200000002
Atlanta,2025-01-03 23:33:35.568955,4.63,310,1.43,-2.92,1028,50,clear sky,0,10000,0,0,2025-01-04 05:42:48,2025-01-04 15:42:06,-2.94,-8.57,607.9236878749999
Phoenix,2025-01-03 23:33:35.706699,2.06,90,15.5,13.81,1014,27,broken clouds,75,10000,0,0,2025-01-03 07:32:42,2025-01-03 17:32:52,15.55,0.9,53.543623
San Diego,2025-01-03 23:33:35.850226,2.57,60,10.9,10.37,1018,89,haze,75,8047,0,0,2025-01-03 07:51:17,2025-01-03 17:55:00,9.83,8.7,103.96938212499997
Las Vegas,2025-01-03 23:33:35.970427,1.54,0,9.96,9.56,1010,32,clear sky,0,10000,0,0,2025-01-03 07:51:52,2025-01-03 17:38:14,9.55,-3.64,22.370117
Boulder,2025-01-03 23:43:36.161405,4.12,350,-3.18,-8.28,1016,80,clear sky,0,10000,0,0,2025-01-03 07:23:07,2025-01-03 16:48:01,-8.3,-7.18,428.348984
New York,2025-01-03 23:43:36.348430,8.75,300,-0.96,-7.86,1008,55,clear sky,0,10000,0,0,2025-01-04 05:20:09,2025-01-04 14:41:41,-7.88,-9.96,4103.271484375
Los Angeles,2025-01-03 23:43:36.507695,3.09,110,11.36,10.8,1018,86,mist,100,10000,0,0,2025-01-03 07:58:53,2025-01-03 17:56:04,10.09,8.56,180.70972762499997
Chicago,2025-01-03 23:43:36.715080,1.79,0,-7.95,-11.37,1028,63,clear sky,0,10000,0,0,2025-01-04 06:18:14,2025-01-04 15:32:37,-11.39,-15.35,35.12895137500001
Houston,2025-01-03 23:43:36.811191,6.69,110,17.54,17.41,1024,79,overcast clouds,100,10000,0,0,2025-01-04 06:17:25,2025-01-04 16:35:23,16.68,13.34,1833.9371426250004
Miami,2025-01-03 23:43:37.003904,3.09,320,14.78,14.09,1023,68,clear sky,0,10000,0,0,2025-01-04 05:08:07,2025-01-04 15:43:12,14.2,8.38,180.70972762499997
Seattle,2025-01-03 23:43:37.163472,3.6,130,5.59,2.82,1012,94,clear sky,0,10000,0,0,2025-01-03 08:57:21,2025-01-03 17:30:19,2.8,4.39,285.76800000000003
Denver,2025-01-03 23:43:37.425434,1.5,10,-0.17,-1.95,1016,73,overcast clouds,100,10000,0,0,2025-01-03 07:21:11,2025-01-03 16:47:42,-1.97,-5.57,20.671875
San Francisco,2025-01-03 23:43:37.571899,1.34,269,10.56,9.97,1022,88,overcast clouds,100,10000,0,0,2025-01-03 08:25:19,2025-01-03 18:03:03,10.44,8.16,14.737387000000004
Austin,2025-01-03 23:43:37.724302,2.57,150,15.63,15.52,1022,87,broken clouds,75,10000,0,0,2025-01-04 06:28:03,2025-01-04 16:43:44,15.45,13.03,103.96938212499997
Boston,2025-01-03 23:43:37.850255,2.24,180,-2.37,-5.53,1003,62,clear sky,7,10000,0,0,2025-01-04 05:13:28,2025-01-04 14:24:46,-5.54,-9.97,68.84147200000002
Atlanta,2025-01-03 23:43:37.986034,4.63,310,1.36,-3.01,1028,51,clear sky,0,10000,0,0,2025-01-04 05:42:48,2025-01-04 15:42:06,-3.02,-8.44,607.9236878749999
Phoenix,2025-01-03 23:43:38.125167,2.06,90,15.54,13.85,1013,27,broken clouds,75,10000,0,0,2025-01-03 07:32:42,2025-01-03 17:32:52,15.6,0.94,53.543623
San Diego,2025-01-03 23:43:38.263264,2.57,60,10.92,10.39,1018,89,haze,75,8047,0,0,2025-01-03 07:51:17,2025-01-03 17:55:00,9.86,8.72,103.96938212499997
Las Vegas,2025-01-03 23:43:38.393092,1.79,179,10.31,8.21,1010,31,clear sky,0,10000,0,0,2025-01-03 07:51:52,2025-01-03 17:38:14,9.72,-3.49,35.12895137500001
Boulder,2025-01-03 23:53:38.561751,4.12,350,-3.15,-8.25,1016,80,clear sky,0,10000,0,0,2025-01-03 07:23:07,2025-01-03 16:48:01,-8.27,-7.15,428.348984
New York,2025-01-03 23:53:38.660781,8.75,300,-1.03,-7.96,1008,55,clear sky,0,10000,0,0,2025-01-04 05:20:09,2025-01-04 14:41:40,-7.98,-10.03,4103.271484375
Los Angeles,2025-01-03 23:53:38.818804,3.09,110,11.34,10.78,1018,86,mist,100,10000,0,0,2025-01-03 07:58:53,2025-01-03 17:56:04,10.06,8.54,180.70972762499997
Chicago,2025-01-03 23:53:38.940972,1.34,322,-7.96,-10.49,1027,63,clear sky,0,10000,0,0,2025-01-04 06:18:14,2025-01-04 15:32:37,-10.51,-15.36,14.737387000000004
Houston,2025-01-03 23:53:39.047998,6.69,110,17.55,17.42,1024,79,overcast clouds,100,10000,0,0,2025-01-04 06:17:25,2025-01-04 16:35:23,16.69,13.35,1833.9371426250004
Miami,2025-01-03 23:53:39.162476,3.09,320,14.69,13.99,1023,68,clear sky,0,10000,0,0,2025-01-04 05:08:07,2025-01-04 15:43:12,14.1,8.29,180.70972762499997
Seattle,2025-01-03 23:53:39.269158,3.6,130,5.49,2.7,1012,94,clear sky,0,10000,0,0,2025-01-03 08:57:21,2025-01-03 17:30:19,2.68,4.29,285.76800000000003
Denver,2025-01-03 23:53:39.374766,0.45,359,-0.41,-0.41,1017,71,overcast clouds,100,10000,0,0,2025-01-03 07:21:11,2025-01-03 16:47:42,0.41,-6.21,0.5581406250000001
San Francisco,2025-01-03 23:53:39.483293,0.45,274,10.47,9.9,1022,89,overcast clouds,100,10000,0,0,2025-01-03 08:25:19,2025-01-03 18:03:03,11.83,8.27,0.5581406250000001
Austin,2025-01-03 23:53:39.603326,2.57,150,15.97,15.87,1022,86,broken clouds,75,10000,0,0,2025-01-04 06:28:03,2025-01-04 16:43:44,15.85,13.17,103.96938212499997
Boston,2025-01-03 23:53:39.782595,2.68,240,-2.37,-6.03,1003,62,clear sky,7,10000,0,0,2025-01-04 05:13:28,2025-01-04 14:24:46,-6.04,-9.97,117.89909600000003
Atlanta,2025-01-03 23:53:39.972026,4.63,310,1.21,-3.19,1028,51,clear sky,0,10000,0,0,2025-01-04 05:42:48,2025-01-04 15:42:06,-3.21,-8.59,607.9236878749999
Phoenix,2025-01-03 23:53:40.113847,2.06,90,15.71,14.07,1013,28,broken clouds,75,10000,0,0,2025-01-03 07:32:42,2025-01-03 17:32:52,15.8,1.31,53.543623
San Diego,2025-01-03 23:53:40.334215,2.57,60,10.93,10.43,1018,90,haze,75,8047,0,0,2025-01-03 07:51:17,2025-01-03 17:55:00,9.87,8.93,103.96938212499997
Las Vegas,2025-01-03 23:53:40.455519,1.54,0,10.62,8.55,1010,31,clear sky,0,10000,0,0,2025-01-03 07:51:52,2025-01-03 17:38:14,10.3,-3.18,22.370117
Boulder,2025-01-04 00:03:40.639958,3.6,360,-3.14,-7.82,1016,80,clear sky,0,10000,0,0,2025-01-04 07:23:07,2025-01-04 16:48:54,-7.84,-7.14,285.76800000000003
New York,2025-01-04 00:03:40.769756,9.26,300,-1.1,-8.1,1008,56,clear sky,0,10000,0,0,2025-01-04 05:20:09,2025-01-04 14:41:40,-8.25,-9.9,4863.389502999999
Los Angeles,2025-01-04 00:03:40.914660,3.09,110,11.29,10.72,1018,86,mist,100,3219,0,0,2025-01-03 07:58:53,2025-01-03 17:56:04,10.0,8.49,180.70972762499997
Chicago,2025-01-04 00:03:41.073545,4.12,290,-8.24,-14.51,1027,65,clear sky,0,10000,0,0,2025-01-04 06:18:14,2025-01-04 15:32:37,-14.54,-15.24,428.348984
Houston,2025-01-04 00:03:41.179261,5.66,130,17.43,17.29,1024,79,overcast clouds,100,10000,0,0,2025-01-04 06:17:25,2025-01-04 16:35:23,16.73,13.23,1110.5941630000002
Miami,2025-01-04 00:03:41.301515,4.63,330,14.11,13.04,1023,56,few clouds,20,10000,0,0,2025-01-04 05:08:07,2025-01-04 15:43:12,12.83,5.31,607.9236878749999
Seattle,2025-01-04 00:03:41.412368,3.6,130,5.5,2.71,1012,94,clear sky,0,10000,0,0,2025-01-03 08:57:21,2025-01-03 17:30:19,2.69,4.3,285.76800000000003
Denver,2025-01-04 00:03:41.528994,0.45,359,-0.45,-0.45,1017,69,overcast clouds,100,10000,0,0,2025-01-04 07:21:12,2025-01-04 16:48:35,0.37,-6.65,0.5581406250000001
San Francisco,2025-01-04 00:03:41.633990,0.89,238,10.32,9.73,1022,89,overcast clouds,100,10000,0,0,2025-01-03 08:25:19,2025-01-03 18:03:03,10.77,8.12,4.317935125
Austin,2025-01-04 00:03:41.735504,2.57,150,15.99,15.89,1022,86,broken clouds,75,10000,0,0,2025-01-04 06:28:03,2025-01-04 16:43:44,15.88,13.19,103.96938212499997
Boston,2025-01-04 00:03:41.881169,7.2,270,-2.4,-9.09,1003,61,clear sky,0,10000,0,0,2025-01-04 05:13:28,2025-01-04 14:24:46,-9.11,-10.2,2286.1440000000002
Atlanta,2025-01-04 00:03:42.007658,4.63,310,1.18,-3.23,1028,53,clear sky,0,10000,0,0,2025-01-04 05:42:48,2025-01-04 15:42:06,-3.25,-8.22,607.9236878749999
Phoenix,2025-01-04 00:03:42.142217,2.06,100,14.67,12.92,1013,28,broken clouds,75,10000,0,0,2025-01-04 07:32:49,2025-01-04 17:33:39,14.59,0.27,53.543623
San Diego,2025-01-04 00:03:42.239485,2.57,60,10.86,10.35,1018,90,mist,75,6437,0,0,2025-01-03 07:51:18,2025-01-03 17:55:01,9.79,8.86,103.96938212499997
Las Vegas,2025-01-04 00:03:42.375990,1.54,0,12.88,10.95,1010,28,clear sky,0,10000,0,0,2025-01-03 07:51:52,2025-01-03 17:38:14,12.89,-1.52,22.370117
Boulder,2025-01-04 00:13:42.522258,3.6,360,-3.14,-7.82,1016,79,clear sky,0,10000,0,0,2025-01-04 07:23:07,2025-01-04 16:48:54,-7.84,-7.34,285.76800000000003
New York,2025-01-04 00:13:42.648786,9.26,300,-1.07,-8.07,1008,55,clear sky,0,10000,0,0,2025-01-04 05:20:09,2025-01-04 14:41:41,-8.21,-10.07,4863.389502999999
Los Angeles,2025-01-04 00:13:42.761040,2.06,130,11.41,10.85,1018,86,mist,100,10000,0,0,2025-01-03 07:58:53,2025-01-03 17:56:04,10.78,8.61,53.543623
Chicago,2025-01-04 00:13:42.876114,4.12,290,-8.25,-14.53,1027,65,clear sky,0,10000,0,0,2025-01-04 06:18:14,2025-01-04 15:32:37,-14.55,-15.25,428.348984
Houston,2025-01-04 00:13:42.979286,5.66,130,17.4,17.26,1024,79,overcast clouds,100,10000,0,0,2025-01-04 06:17:25,2025-01-04 16:35:23,16.69,13.2,1110.5941630000002
Miami,2025-01-04 00:13:43.098303,4.63,330,14.11,13.04,1023,56,few clouds,20,10000,0,0,2025-01-04 05:08:07,2025-01-04 15:43:12,12.83,5.31,607.9236878749999
Seattle,2025-01-04 00:13:43.204985,2.57,150,5.29,3.19,1012,94,mist,0,10000,0,0,2025-01-03 08:57:21,2025-01-03 17:30:19,3.17,4.09,103.96938212499997
Denver,2025-01-04 00:13:43.378401,1.93,3,-2.92,-5.76,1017,52,overcast clouds,100,10000,0,0,2025-01-04 07:21:12,2025-01-04 16:48:35,-5.78,-12.52,44.032974124999996
San Francisco,2025-01-04 00:13:43.501173,2.57,150,10.21,9.64,1022,90,few clouds,20,10000,0,0,2025-01-03 08:25:19,2025-01-03 18:03:05,9.01,8.21,103.96938212499997
Austin,2025-01-04 00:13:43.618839,3.09,180,16.0,15.9,1022,86,overcast clouds,100,10000,0,0,2025-01-04 06:28:03,2025-01-04 16:43:44,15.67,13.2,180.70972762499997
Boston,2025-01-04 00:13:43.736238,7.2,270,-2.41,-9.11,1003,61,clear sky,0,10000,0,0,2025-01-04 05:13:28,2025-01-04 14:24:46,-9.13,-10.21,2286.1440000000002
Atlanta,2025-01-04 00:13:43.856431,4.63,310,1.16,-3.25,1028,53,clear sky,0,10000,0,0,2025-01-04 05:42:48,2025-01-04 15:42:06,-3.27,-8.24,607.9236878749999
Phoenix,2025-01-04 00:13:43.970488,2.06,100,14.67,12.92,1013,28,broken clouds,75,10000,0,0,2025-01-04 07:32:49,2025-01-04 17:33:39,14.59,0.27,53.543623
San Diego,2025-01-04 00:13:44.092969,2.57,90,10.87,10.36,1018,90,mist,100,8047,0,0,2025-01-03 07:51:17,2025-01-03 17:55:00,9.8,8.87,103.96938212499997
Las Vegas,2025-01-04 00:13:44.243282,1.79,142,13.37,11.47,1010,27,clear sky,0,10000,0,0,2025-01-03 07:51:52,2025-01-03 17:38:14,13.25,-1.23,35.12895137500001
Boulder,2025-01-04 00:23:44.402826,3.6,340,-3.17,-7.85,1016,80,clear sky,0,10000,0,0,2025-01-04 07:23:07,2025-01-04 16:48:54,-7.87,-7.17,285.76800000000003
New York,2025-01-04 00:23:44.513107,9.26,300,-1.05,-8.05,1008,55,clear sky,0,10000,0,0,2025-01-04 05:20:09,2025-01-04 14:41:41,-8.19,-10.05,4863.389502999999
Los Angeles,2025-01-04 00:23:44.634283,1.54,160,11.38,10.82,1018,86,mist,100,10000,0,0,2025-01-03 07:58:53,2025-01-03 17:56:04,11.17,8.58,22.370117
Chicago,2025-01-04 00:23:44.749863,4.12,290,-8.26,-14.54,1027,65,clear sky,0,10000,0,0,2025-01-04 06:18:14,2025-01-04 15:32:37,-14.56,-15.26,428.348984
Houston,2025-01-04 00:23:44.850903,7.72,120,17.13,16.94,1024,78,overcast clouds,100,10000,0,0,2025-01-04 06:17:25,2025-01-04 16:35:23,15.97,12.73,2818.1103439999997
Miami,2025-01-04 00:23:44.968033,4.63,330,14.07,12.99,1023,56,few clouds,20,10000,0,0,2025-01-04 05:08:07,2025-01-04 15:43:12,12.78,5.27,607.9236878749999
Seattle,2025-01-04 00:23:45.161987,2.57,150,5.11,2.97,1012,94,mist,0,10000,0,0,2025-01-03 08:57:21,2025-01-03 17:30:19,2.96,3.91,103.96938212499997
Denver,2025-01-04 00:23:45.321641,1.93,3,-3.52,-6.46,1017,52,overcast clouds,100,10000,0,0,2025-01-04 07:21:12,2025-01-04 16:48:35,-6.48,-13.12,44.032974124999996
San Francisco,2025-01-04 00:23:45.446495,2.57,150,10.25,9.65,1022,89,few clouds,20,10000,0,0,2025-01-03 08:25:19,2025-01-03 18:03:03,9.06,8.05,103.96938212499997
Austin,2025-01-04 00:23:45.571617,3.09,180,16.01,15.89,1022,85,overcast clouds,100,10000,0,0,2025-01-04 06:28:03,2025-01-04 16:43:44,15.69,13.01,180.70972762499997
Boston,2025-01-04 00:23:45.700312,7.2,270,-2.4,-9.09,1003,61,clear sky,0,10000,0,0,2025-01-04 05:13:28,2025-01-04 14:24:46,-9.11,-10.2,2286.1440000000002
Atlanta,2025-01-04 00:23:45.813191,4.63,310,0.98,-3.48,1028,53,clear sky,0,10000,0,0,2025-01-04 05:42:48,2025-01-04 15:42:06,-3.5,-8.42,607.9236878749999
Phoenix,2025-01-04 00:23:45.915058,2.06,100,14.98,13.24,1013,27,broken clouds,75,10000,0,0,2025-01-04 07:32:49,2025-01-04 17:33:39,14.95,0.38,53.543623
San Diego,2025-01-04 00:23:46.037496,2.57,90,10.89,10.38,1018,90,mist,100,8047,0,0,2025-01-03 07:51:17,2025-01-03 17:55:00,9.82,8.89,103.96938212499997
Las Vegas,2025-01-04 00:23:46.169970,2.24,169,13.41,11.51,1010,27,clear sky,0,10000,0,0,2025-01-03 07:51:52,2025-01-03 17:38:14,13.0,-1.19,68.84147200000002
Boulder,2025-01-04 00:33:46.338761,3.6,340,-4.2,-9.11,1016,83,clear sky,0,10000,0,0,2025-01-04 07:23:07,2025-01-04 16:48:54,-9.13,-7.6,285.76800000000003
New York,2025-01-04 00:33:46.457016,9.26,300,-1.02,-8.02,1009,56,clear sky,0,10000,0,0,2025-01-04 05:20:09,2025-01-04 14:41:41,-8.15,-9.82,4863.389502999999
Los Angeles,2025-01-04 00:33:46.566327,1.54,160,11.35,10.79,1018,86,mist,100,10000,0,0,2025-01-03 07:58:53,2025-01-03 17:56:04,11.14,8.55,22.370117
Chicago,2025-01-04 00:33:46.676686,4.12,290,-8.44,-14.76,1028,65,clear sky,0,10000,0,0,2025-01-04 06:18:14,2025-01-04 15:32:37,-14.78,-15.44,428.348984
Houston,2025-01-04 00:33:46.787968,7.72,120,17.1,16.88,1023,77,overcast clouds,100,10000,0,0,2025-01-04 06:17:25,2025-01-04 16:35:23,15.93,12.5,2818.1103439999997
Miami,2025-01-04 00:33:46.908570,4.63,330,14.01,13.11,1022,63,few clouds,20,10000,0,0,2025-01-04 05:08:07,2025-01-04 15:43:12,12.71,6.61,607.9236878749999
Seattle,2025-01-04 00:33:47.016372,1.79,85,5.07,3.68,1012,95,mist,0,10000,0,0,2025-01-03 08:57:21,2025-01-03 17:30:19,3.66,4.07,35.12895137500001
Denver,2025-01-04 00:33:47.131586,1.8,18,-2.93,-5.58,1016,83,overcast clouds,93,10000,0,0,2025-01-04 07:21:12,2025-01-04 16:48:35,-5.6,-6.33,35.721000000000004
San Francisco,2025-01-04 00:33:47.240358,2.57,150,10.15,9.54,1022,89,few clouds,20,10000,0,0,2025-01-03 08:25:19,2025-01-03 18:03:03,8.94,7.95,103.96938212499997
Austin,2025-01-04 00:33:47.335129,3.09,180,16.13,16.02,1022,85,overcast clouds,100,10000,0,0,2025-01-04 06:28:03,2025-01-04 16:43:44,15.83,13.13,180.70972762499997
Boston,2025-01-04 00:33:47.460776,7.2,270,-2.44,-9.14,1003,60,clear sky,0,10000,0,0,2025-01-04 05:13:28,2025-01-04 14:24:46,-9.17,-10.44,2286.1440000000002
Atlanta,2025-01-04 00:33:47.605472,4.63,310,0.89,-3.59,1028,54,clear sky,0,10000,0,0,2025-01-04 05:42:48,2025-01-04 15:42:06,-3.61,-8.31,607.9236878749999
Phoenix,2025-01-04 00:33:47.713031,2.06,100,15.07,13.31,1012,26,broken clouds,75,10000,0,0,2025-01-04 07:32:49,2025-01-04 17:33:39,15.05,0.27,53.543623
San Diego,2025-01-04 00:33:47.831774,2.57,90,10.97,10.47,1018,90,mist,100,8047,0,0,2025-01-03 07:51:17,2025-01-03 17:55:00,9.92,8.97,103.96938212499997
Las Vegas,2025-01-04 00:33:47.940247,5.14,230,14.49,12.49,1010,19,clear sky,0,10000,0,0,2025-01-03 07:51:52,2025-01-03 17:38:14,13.15,-1.71,831.7550569999997
Boulder,2025-01-04 13:50:05.691620,1.85,99,9.6,8.85,1001,33,clear sky,0,10000,0,0,2025-01-04 07:23:07,2025-01-04 16:48:54,8.84,-3.8,38.781203125000005
New York,2025-01-04 13:50:05.832223,13.89,310,-0.06,-7.06,1012,39,broken clouds,75,10000,0,0,2025-01-04 05:20:09,2025-01-04 14:41:41,-8.22,-12.26,16413.939572625004
Los Angeles,2025-01-04 13:50:05.968943,2.57,110,16.65,15.99,1018,62,haze,0,10000,0,0,2025-01-04 07:58:59,2025-01-04 17:56:51,16.66,9.05,103.96938212499997
Chicago,2025-01-04 13:50:06.092645,4.63,270,-4.04,-9.72,1027,45,scattered clouds,40,10000,0,0,2025-01-04 06:18:14,2025-01-04 15:32:37,-9.74,-15.04,607.9236878749999
Houston,2025-01-04 13:50:06.193165,5.66,130,20.64,20.95,1017,84,mist,100,9656,0,0,2025-01-04 06:17:25,2025-01-04 16:35:23,20.79,17.44,1110.5941630000002
Miami,2025-01-04 13:50:06.293863,5.14,50,21.36,21.14,1023,61,few clouds,20,10000,0,0,2025-01-04 05:08:07,2025-01-04 15:43:12,21.77,13.56,831.7550569999997
Seattle,2025-01-04 13:50:06.397977,3.6,150,7.53,5.18,1016,92,overcast clouds,100,10000,0,0,2025-01-04 08:57:12,2025-01-04 17:31:22,5.17,5.93,285.76800000000003
Denver,2025-01-04 13:50:06.504794,3.69,10,-4.1,-9.07,1003,32,clear sky,4,10000,0,0,2025-01-04 07:21:12,2025-01-04 16:48:35,-9.09,-17.7,307.740880125
San Francisco,2025-01-04 13:50:06.611011,2.06,40,12.66,12.15,1024,83,overcast clouds,100,10000,0,0,2025-01-04 08:25:21,2025-01-04 18:03:54,12.24,9.26,53.543623
Austin,2025-01-04 13:50:06.713290,2.06,0,20.01,20.23,1015,83,overcast clouds,100,10000,0,0,2025-01-04 06:28:03,2025-01-04 16:43:44,20.82,16.61,53.543623
Boston,2025-01-04 13:50:06.847204,9.26,280,-1.9,-8.9,1006,48,scattered clouds,40,10000,0,0,2025-01-04 05:13:28,2025-01-04 14:24:46,-9.31,-12.3,4863.389502999999
Atlanta,2025-01-04 13:50:06.946499,6.69,310,7.17,3.41,1026,27,clear sky,0,10000,0,0,2025-01-04 05:42:48,2025-01-04 15:42:06,3.39,-7.43,1833.9371426250004
Phoenix,2025-01-04 13:50:07.048090,3.6,240,20.76,19.41,1013,20,broken clouds,75,10000,0,0,2025-01-04 07:32:49,2025-01-04 17:33:39,21.29,4.76,285.76800000000003
San Diego,2025-01-04 13:50:07.145687,3.6,310,16.77,16.2,1018,65,scattered clouds,40,10000,0,0,2025-01-04 07:51:25,2025-01-04 17:55:46,16.43,9.77,285.76800000000003
Las Vegas,2025-01-04 13:50:07.273185,7.72,340,16.36,14.52,1017,18,clear sky,0,10000,0,0,2025-01-04 07:51:57,2025-01-04 17:39:03,14.98,-0.04,2818.1103439999997
Boulder,2025-01-04 14:11:43.447336,1.85,99,10.24,8.31,1001,38,clear sky,0,10000,0,0,2025-01-04 07:23:07,2025-01-04 16:48:54,9.58,-2.16,38.781203125000005
New York,2025-01-04 14:11:43.561580,11.32,300,-0.23,-7.23,1012,39,overcast clouds,100,10000,0,0,2025-01-04 05:20:09,2025-01-04 14:41:41,-7.77,-12.43,8884.753304000002
Los Angeles,2025-01-04 14:11:43.695936,3.6,250,16.98,16.35,1018,62,haze,0,10000,0,0,2025-01-04 07:58:59,2025-01-04 17:56:51,16.69,9.38,285.76800000000003
Chicago,2025-01-04 14:11:43.827100,3.09,280,-4.07,-8.48,1027,45,broken clouds,75,10000,0,0,2025-01-04 06:18:14,2025-01-04 15:32:37,-8.5,-15.07,180.70972762499997
Houston,2025-01-04 14:11:43.926973,7.2,130,20.77,21.1,1017,84,mist,100,9656,0,0,2025-01-04 06:17:25,2025-01-04 16:35:23,20.75,17.57,2286.1440000000002
Miami,2025-01-04 14:11:44.030595,6.17,40,21.26,21.06,1023,62,few clouds,20,10000,0,0,2025-01-04 05:08:07,2025-01-04 15:43:12,21.5,13.66,1438.6713171249999
Seattle,2025-01-04 14:11:44.140161,1.54,140,7.67,6.95,1016,92,light rain,100,10000,0.37,0,2025-01-04 08:57:12,2025-01-04 17:31:22,6.93,6.07,22.370117
Denver,2025-01-04 14:11:44.268655,3.69,10,-4.1,-9.07,1003,32,clear sky,4,10000,0,0,2025-01-04 07:21:12,2025-01-04 16:48:35,-9.09,-17.7,307.740880125
San Francisco,2025-01-04 14:11:44.369250,3.6,280,12.77,12.27,1024,83,broken clouds,75,10000,0,0,2025-01-04 08:25:21,2025-01-04 18:03:54,11.55,9.37,285.76800000000003
Austin,2025-01-04 14:11:44.477635,2.57,150,20.36,20.62,1015,83,overcast clouds,100,10000,0,0,2025-01-04 06:28:03,2025-01-04 16:43:44,21.07,16.96,103.96938212499997
Boston,2025-01-04 14:11:44.594747,7.72,300,-2.03,-8.85,1006,48,scattered clouds,40,10000,0,0,2025-01-04 05:13:28,2025-01-04 14:24:46,-8.87,-12.43,2818.1103439999997
Atlanta,2025-01-04 14:11:44.693389,4.63,300,7.3,4.38,1026,30,clear sky,0,10000,0,0,2025-01-04 05:42:48,2025-01-04 15:42:06,4.36,-6.7,607.9236878749999
Phoenix,2025-01-04 14:11:44.812350,3.13,265,21.07,19.73,1013,19,broken clouds,70,10000,0,0,2025-01-04 07:32:49,2025-01-04 17:33:39,21.77,4.87,187.81881912499998
San Diego,2025-01-04 14:11:44.952332,4.63,300,17.0,16.45,1018,65,few clouds,20,10000,0,0,2025-01-04 07:51:24,2025-01-04 17:55:46,16.42,10.0,607.9236878749999
Las Vegas,2025-01-04 14:11:45.074652,6.17,330,16.34,14.5,1017,18,clear sky,0,10000,0,0,2025-01-04 07:51:56,2025-01-04 17:39:03,15.24,-0.06,1438.6713171249999
Boulder,2025-01-04 14:23:47.602160,1.85,99,9.17,8.36,1001,37,clear sky,0,10000,0,0,2025-01-04 07:23:07,2025-01-04 16:48:54,8.34,-3.43,38.781203125000005
New York,2025-01-04 14:23:47.702120,11.32,300,-0.25,-7.25,1012,40,overcast clouds,100,10000,0,0,2025-01-04 05:20:09,2025-01-04 14:41:41,-7.79,-12.25,8884.753304000002
Los Angeles,2025-01-04 14:23:47.810233,3.6,250,16.88,16.24,1018,62,haze,0,10000,0,0,2025-01-04 07:58:59,2025-01-04 17:56:51,16.56,9.28,285.76800000000003
Chicago,2025-01-04 14:23:47.923722,3.09,280,-4.29,-8.74,1027,45,broken clouds,75,10000,0,0,2025-01-04 06:18:14,2025-01-04 15:32:37,-8.76,-15.29,180.70972762499997
Houston,2025-01-04 14:23:48.036004,7.2,130,20.79,21.12,1017,84,mist,100,8047,0,0,2025-01-04 06:17:25,2025-01-04 16:35:23,20.78,17.59,2286.1440000000002
Miami,2025-01-04 14:23:48.201322,6.17,40,20.99,20.76,1023,62,few clouds,20,10000,0,0,2025-01-04 05:08:07,2025-01-04 15:43:12,21.16,13.39,1438.6713171249999
Seattle,2025-01-04 14:23:48.311207,1.54,140,7.64,6.91,1016,92,moderate rain,100,10000,1.15,0,2025-01-04 08:57:12,2025-01-04 17:31:22,6.9,6.04,22.370117
Denver,2025-01-04 14:23:48.417797,3.69,10,-4.25,-9.25,1003,32,clear sky,4,10000,0,0,2025-01-04 07:21:11,2025-01-04 16:48:34,-9.27,-17.85,307.740880125
San Francisco,2025-01-04 14:23:48.522376,3.6,280,12.8,12.25,1024,81,broken clouds,75,10000,0,0,2025-01-04 08:25:21,2025-01-04 18:03:54,11.59,9.0,285.76800000000003
Austin,2025-01-04 14:23:48.651619,2.57,150,20.61,20.87,1015,82,overcast clouds,100,10000,0,0,2025-01-04 06:28:03,2025-01-04 16:43:44,21.36,17.01,103.96938212499997
Boston,2025-01-04 14:23:48.769536,7.72,300,-2.18,-9.04,1006,48,scattered clouds,40,10000,0,0,2025-01-04 05:13:29,2025-01-04 14:24:48,-9.06,-12.58,2818.1103439999997
Atlanta,2025-01-04 14:23:48.882025,4.63,300,7.01,4.02,1026,33,clear sky,0,10000,0,0,2025-01-04 05:42:49,2025-01-04 15:42:06,4.0,-6.39,607.9236878749999
Phoenix,2025-01-04 14:23:48.983546,4.63,230,21.36,20.02,1013,18,scattered clouds,40,10000,0,0,2025-01-04 07:32:49,2025-01-04 17:33:39,21.85,4.96,607.9236878749999
San Diego,2025-01-04 14:23:49.098419,4.63,300,16.93,16.38,1018,65,few clouds,20,10000,0,0,2025-01-04 07:51:24,2025-01-04 17:55:46,16.34,9.93,607.9236878749999
Las Vegas,2025-01-04 14:23:49.234779,6.17,330,16.36,14.52,1017,18,clear sky,0,10000,0,0,2025-01-04 07:51:56,2025-01-04 17:39:03,15.27,-0.04,1438.6713171249999
Boulder,2025-01-04 15:27:03.719617,2.24,79,7.2,5.72,1003,55,few clouds,14,10000,0,0,2025-01-04 07:23:07,2025-01-04 16:48:54,5.7,-1.8,68.84147200000002
New York,2025-01-04 15:27:03.829376,10.29,300,-0.58,-7.58,1013,39,overcast clouds,100,10000,0,0,2025-01-04 05:20:09,2025-01-04 14:41:41,-7.92,-12.78,6673.477757624999
Los Angeles,2025-01-04 15:27:03.940401,4.63,240,16.91,16.3,1017,63,clear sky,0,10000,0,0,2025-01-04 07:58:59,2025-01-04 17:56:52,16.31,9.51,607.9236878749999
Chicago,2025-01-04 15:27:04.066892,4.63,280,-4.8,-10.66,1027,47,broken clouds,75,10000,0,0,2025-01-04 06:18:14,2025-01-04 15:32:37,-10.68,-15.4,607.9236878749999
Houston,2025-01-04 15:27:04.168115,4.63,110,20.73,21.1,1016,86,mist,100,6437,0,0,2025-01-04 06:17:24,2025-01-04 16:35:22,21.06,17.93,607.9236878749999
Miami,2025-01-04 15:27:04.270867,5.14,50,20.03,19.79,1023,65,scattered clouds,40,10000,0,0,2025-01-04 05:08:07,2025-01-04 15:43:12,20.1,13.03,831.7550569999997
Seattle,2025-01-04 15:27:04.395372,2.68,118,7.63,5.88,1016,93,moderate rain,100,8047,2.92,0,2025-01-04 08:57:12,2025-01-04 17:31:22,5.87,6.23,117.89909600000003
Denver,2025-01-04 15:27:04.501337,3.59,23,-4.1,-8.98,1003,36,clear sky,4,10000,0,0,2025-01-04 07:21:12,2025-01-04 16:48:35,-9.0,-16.9,283.39320887499997
San Francisco,2025-01-04 15:27:04.608562,3.13,342,13.01,12.38,1024,77,broken clouds,75,10000,0,0,2025-01-04 08:25:21,2025-01-04 18:03:54,12.05,8.41,187.81881912499998
Austin,2025-01-04 15:27:04.706469,5.66,180,21.8,22.1,1014,79,overcast clouds,100,10000,0,0,2025-01-04 06:28:03,2025-01-04 16:43:44,22.25,17.6,1110.5941630000002
Boston,2025-01-04 15:27:04.818828,7.72,280,-2.65,-9.65,1006,51,few clouds,20,10000,0,0,2025-01-04 05:13:30,2025-01-04 14:24:47,-9.67,-12.45,2818.1103439999997
Atlanta,2025-01-04 15:27:04.955116,5.14,310,6.26,2.85,1026,34,clear sky,0,10000,0,0,2025-01-04 05:42:48,2025-01-04 15:42:06,2.83,-6.94,831.7550569999997
Phoenix,2025-01-04 15:27:05.065134,4.63,280,21.66,20.33,1013,17,broken clouds,75,10000,0,0,2025-01-04 07:32:49,2025-01-04 17:33:39,22.22,5.06,607.9236878749999
San Diego,2025-01-04 15:27:05.201149,4.63,290,16.5,15.93,1018,66,broken clouds,75,10000,0,0,2025-01-04 07:51:24,2025-01-04 17:55:46,15.8,9.7,607.9236878749999
Las Vegas,2025-01-04 15:27:05.303391,6.69,340,17.12,15.36,1016,18,clear sky,0,10000,0,0,2025-01-04 07:51:56,2025-01-04 17:39:03,16.14,0.72,1833.9371426250004
Boulder,2025-01-04 15:37:05.442551,3.6,20,4.48,1.47,1007,64,overcast clouds,100,10000,0,0,2025-01-04 07:23:07,2025-01-04 16:48:54,1.45,-2.72,285.76800000000003
New York,2025-01-04 15:37:05.553537,10.29,300,-0.59,-7.59,1013,39,overcast clouds,100,10000,0,0,2025-01-04 05:20:09,2025-01-04 14:41:41,-7.93,-12.79,6673.477757624999
Los Angeles,2025-01-04 15:37:05.675985,4.63,240,17.04,16.5,1017,65,clear sky,0,10000,0,0,2025-01-04 07:58:59,2025-01-04 17:56:52,16.47,10.04,607.9236878749999
Chicago,2025-01-04 15:37:05.802671,4.63,280,-5.0,-10.91,1027,49,broken clouds,75,10000,0,0,2025-01-04 06:18:14,2025-01-04 15:32:37,-10.93,-15.2,607.9236878749999
Houston,2025-01-04 15:37:05.914808,4.63,110,20.75,21.13,1016,86,mist,100,6437,0,0,2025-01-04 06:17:25,2025-01-04 16:35:23,21.09,17.95,607.9236878749999
Miami,2025-01-04 15:37:06.059179,5.14,50,19.63,19.37,1023,66,scattered clouds,40,10000,0,0,2025-01-04 05:08:07,2025-01-04 15:43:12,19.6,12.83,831.7550569999997
Seattle,2025-01-04 15:37:06.208782,4.02,80,7.61,5.06,1016,93,moderate rain,100,8047,3.55,0,2025-01-04 08:57:12,2025-01-04 17:31:22,5.04,6.21,397.9094489999999
Denver,2025-01-04 15:37:06.339015,3.41,14,-4.1,-8.82,1005,41,few clouds,21,10000,0,0,2025-01-04 07:21:12,2025-01-04 16:48:35,-8.84,-15.9,242.86740362500004
San Francisco,2025-01-04 15:37:06.435280,3.13,342,12.88,12.23,1024,77,broken clouds,75,10000,0,0,2025-01-04 08:25:21,2025-01-04 18:03:54,11.9,8.28,187.81881912499998
Austin,2025-01-04 15:37:06.549647,5.66,180,21.77,22.07,1014,79,overcast clouds,100,10000,0,0,2025-01-04 06:28:03,2025-01-04 16:43:44,22.21,17.57,1110.5941630000002
Boston,2025-01-04 15:37:06.683182,7.72,280,-2.64,-9.64,1007,51,few clouds,20,10000,0,0,2025-01-04 05:13:28,2025-01-04 14:24:46,-9.66,-12.44,2818.1103439999997
Atlanta,2025-01-04 15:37:06.795230,5.14,310,6.15,2.71,1026,34,clear sky,0,10000,0,0,2025-01-04 05:42:48,2025-01-04 15:42:06,2.7,-7.05,831.7550569999997
Phoenix,2025-01-04 15:37:06.942147,4.92,285,21.64,20.3,1013,17,broken clouds,75,10000,0,0,2025-01-04 07:32:49,2025-01-04 17:33:39,22.15,5.04,729.4598639999999
San Diego,2025-01-04 15:37:07.038363,4.63,290,16.43,15.85,1018,66,broken clouds,75,10000,0,0,2025-01-04 07:51:24,2025-01-04 17:55:46,15.72,9.63,607.9236878749999
Las Vegas,2025-01-04 15:37:07.140619,6.69,340,17.15,15.39,1017,18,clear sky,0,10000,0,0,2025-01-04 07:51:57,2025-01-04 17:39:03,16.18,0.75,1833.9371426250004
Boulder,2025-01-04 15:47:07.765038,2.22,53,6.83,5.3,1007,48,scattered clouds,31,10000,0,0,2025-01-04 07:23:07,2025-01-04 16:48:54,5.29,-3.57,67.01391900000002
New York,2025-01-04 15:47:08.244237,10.29,300,-0.65,-7.65,1014,39,overcast clouds,100,10000,0,0,2025-01-04 05:20:09,2025-01-04 14:41:41,-8.01,-12.85,6673.477757624999
Los Angeles,2025-01-04 15:47:08.710898,4.63,240,16.99,16.44,1017,65,clear sky,0,10000,0,0,2025-01-04 07:58:59,2025-01-04 17:56:51,16.41,9.99,607.9236878749999
Chicago,2025-01-04 15:47:08.874372,0.89,281,-5.04,-5.04,1027,49,broken clouds,69,10000,0,0,2025-01-04 06:18:14,2025-01-04 15:32:37,-6.12,-15.24,4.317935125
Houston,2025-01-04 15:47:09.378965,4.63,110,20.77,21.15,1016,86,mist,100,6437,0,0,2025-01-04 06:17:25,2025-01-04 16:35:23,21.11,17.97,607.9236878749999
Miami,2025-01-04 15:47:10.291187,5.14,50,19.56,19.32,1023,67,scattered clouds,40,10000,0,0,2025-01-04 05:08:07,2025-01-04 15:43:12,19.51,12.96,831.7550569999997
Seattle,2025-01-04 15:47:10.460112,4.47,135,7.61,4.84,1016,93,moderate rain,100,8047,2.66,0,2025-01-04 08:57:12,2025-01-04 17:31:22,4.82,6.21,547.0520658749999
Denver,2025-01-04 15:47:10.799164,3.41,14,-4.1,-8.82,1005,41,few clouds,21,10000,0,0,2025-01-04 07:21:12,2025-01-04 16:48:35,-8.84,-15.9,242.86740362500004
San Francisco,2025-01-04 15:47:11.290786,3.13,274,12.87,12.25,1024,78,broken clouds,75,10000,0,0,2025-01-04 08:25:21,2025-01-04 18:03:54,11.89,8.47,187.81881912499998
Austin,2025-01-04 15:47:11.948295,5.66,180,21.83,22.13,1014,79,overcast clouds,100,10000,0,0,2025-01-04 06:28:03,2025-01-04 16:43:44,22.29,17.63,1110.5941630000002
Boston,2025-01-04 15:47:12.503414,7.72,280,-2.69,-9.69,1007,52,few clouds,20,10000,0,0,2025-01-04 05:13:28,2025-01-04 14:24:46,-9.72,-12.29,2818.1103439999997
Atlanta,2025-01-04 15:47:12.656268,5.14,310,5.88,2.37,1026,35,clear sky,0,10000,0,0,2025-01-04 05:42:48,2025-01-04 15:42:06,2.36,-7.12,831.7550569999997
Phoenix,2025-01-04 15:47:12.935897,4.92,282,21.52,20.17,1013,17,broken clouds,75,10000,0,0,2025-01-04 07:32:49,2025-01-04 17:33:39,22.0,4.92,729.4598639999999
San Diego,2025-01-04 15:47:14.345101,4.63,290,16.2,15.63,1017,67,broken clouds,75,10000,0,0,2025-01-04 07:51:24,2025-01-04 17:55:46,15.43,9.6,607.9236878749999
Las Vegas,2025-01-04 15:47:15.577030,6.69,340,17.23,15.45,1017,17,clear sky,0,10000,0,0,2025-01-04 07:51:56,2025-01-04 17:39:03,16.28,0.63,1833.9371426250004
Boulder,2025-01-04 15:57:16.170987,2.2,55,6.73,5.2,1007,48,scattered clouds,31,10000,0,0,2025-01-04 07:23:08,2025-01-04 16:48:51,5.19,-3.67,65.21900000000002
New York,2025-01-04 15:57:16.331492,10.29,300,-0.7,-7.7,1014,40,overcast clouds,100,10000,0,0,2025-01-04 05:20:09,2025-01-04 14:41:41,-8.08,-12.7,6673.477757624999
Los Angeles,2025-01-04 15:57:16.586963,4.63,240,16.89,16.33,1017,65,clear sky,0,10000,0,0,2025-01-04 07:58:59,2025-01-04 17:56:52,16.29,9.89,607.9236878749999
Chicago,2025-01-04 15:57:16.698943,0.89,268,-5.16,-5.16,1027,49,broken clouds,69,10000,0,0,2025-01-04 06:18:14,2025-01-04 15:32:37,-6.25,-15.36,4.317935125
Houston,2025-01-04 15:57:16.894845,6.69,130,20.87,21.26,1016,86,mist,100,8047,0,0,2025-01-04 06:17:26,2025-01-04 16:35:23,20.94,18.07,1833.9371426250004
Miami,2025-01-04 15:57:17.504888,1.34,324,19.06,18.9,1023,72,scattered clouds,28,10000,0,0,2025-01-04 05:08:07,2025-01-04 15:43:12,20.06,13.46,14.737387000000004
Seattle,2025-01-04 15:57:18.669591,4.47,135,7.54,4.75,1016,93,moderate rain,100,8047,1.54,0,2025-01-04 08:57:14,2025-01-04 17:31:20,4.73,6.14,547.0520658749999
Denver,2025-01-04 15:57:18.892743,3.41,14,-4.1,-8.82,1005,41,few clouds,21,10000,0,0,2025-01-04 07:21:12,2025-01-04 16:48:35,-8.84,-15.9,242.86740362500004
San Francisco,2025-01-04 15:57:19.442176,3.58,298,12.77,12.17,1024,79,broken clouds,75,10000,0,0,2025-01-04 08:25:21,2025-01-04 18:03:54,11.56,8.57,281.03161100000005
Austin,2025-01-04 15:57:19.969855,5.66,180,21.69,21.98,1014,79,overcast clouds,100,10000,0,0,2025-01-04 06:28:03,2025-01-04 16:43:44,22.11,17.49,1110.5941630000002
Boston,2025-01-04 15:57:20.112229,7.72,280,-2.68,-9.68,1007,52,few clouds,20,10000,0,0,2025-01-04 05:13:28,2025-01-04 14:24:46,-9.71,-12.28,2818.1103439999997
Atlanta,2025-01-04 15:57:20.418373,5.14,310,5.64,2.07,1026,35,clear sky,0,10000,0,0,2025-01-04 05:42:48,2025-01-04 15:42:06,2.06,-7.36,831.7550569999997
Phoenix,2025-01-04 15:57:20.843170,4.63,280,21.43,20.1,1013,18,broken clouds,75,10000,0,0,2025-01-04 07:32:48,2025-01-04 17:33:39,21.93,5.03,607.9236878749999
San Diego,2025-01-04 15:57:21.121082,4.63,290,15.99,15.42,1017,68,broken clouds,75,10000,0,0,2025-01-04 07:51:24,2025-01-04 17:55:46,15.17,9.59,607.9236878749999
Las Vegas,2025-01-04 15:57:21.248423,6.69,340,17.21,15.43,1017,17,clear sky,0,10000,0,0,2025-01-04 07:51:56,2025-01-04 17:39:03,16.25,0.61,1833.9371426250004
Boulder,2025-01-04 16:07:21.433743,2.22,53,6.32,4.7,1007,57,scattered clouds,31,10000,0,0,2025-01-04 07:23:07,2025-01-04 16:48:54,4.69,-2.28,67.01391900000002
New York,2025-01-04 16:07:21.562450,7.6,315,-0.76,-7.15,1014,41,few clouds,20,10000,0,0,2025-01-04 05:20:09,2025-01-04 14:41:41,-7.17,-12.56,2688.7279999999996
Los Angeles,2025-01-04 16:07:21.667433,4.63,240,16.69,16.11,1017,65,clear sky,0,10000,0,0,2025-01-04 07:58:59,2025-01-04 17:56:51,16.04,9.69,607.9236878749999
Chicago,2025-01-04 16:07:21.781597,0.89,268,-5.18,-5.18,1027,49,broken clouds,69,10000,0,0,2025-01-04 06:18:14,2025-01-04 15:32:37,-6.27,-15.38,4.317935125
Houston,2025-01-04 16:07:21.921127,6.69,130,20.88,21.27,1016,86,mist,100,8047,0,0,2025-01-04 06:17:24,2025-01-04 16:35:22,20.95,18.08,1833.9371426250004
Miami,2025-01-04 16:07:22.023113,1.34,324,18.93,18.76,1023,72,scattered clouds,28,10000,0,0,2025-01-04 05:08:07,2025-01-04 15:43:12,19.91,13.33,14.737387000000004
Seattle,2025-01-04 16:07:22.185900,4.47,135,7.65,4.89,1016,93,moderate rain,100,8047,1.22,0,2025-01-04 08:57:12,2025-01-04 17:31:22,4.87,6.25,547.0520658749999
Denver,2025-01-04 16:07:22.297770,3.41,14,-4.23,-8.98,1005,41,few clouds,21,10000,0,0,2025-01-04 07:21:12,2025-01-04 16:48:35,-9.0,-16.03,242.86740362500004
San Francisco,2025-01-04 16:07:22.420188,3.58,301,12.56,11.93,1024,79,overcast clouds,100,10000,0,0,2025-01-04 08:25:21,2025-01-04 18:03:54,11.31,8.36,281.03161100000005
Austin,2025-01-04 16:07:22.535169,2.68,169,21.68,21.97,1014,79,overcast clouds,100,10000,0,0,2025-01-04 06:28:03,2025-01-04 16:43:44,22.61,17.48,117.89909600000003
Boston,2025-01-04 16:07:22.706019,1.79,294,-2.75,-5.36,1007,53,scattered clouds,37,10000,0,0,2025-01-04 05:13:28,2025-01-04 14:24:46,-5.38,-12.15,35.12895137500001
Atlanta,2025-01-04 16:07:22.848839,4.12,330,5.21,2.05,1026,37,clear sky,0,10000,0,0,2025-01-04 05:42:48,2025-01-04 15:42:06,2.03,-7.39,428.348984
Phoenix,2025-01-04 16:07:23.009277,4.63,280,21.39,20.05,1013,18,broken clouds,75,10000,0,0,2025-01-04 07:32:49,2025-01-04 17:33:39,21.88,4.99,607.9236878749999
San Diego,2025-01-04 16:07:23.269360,4.12,290,15.88,15.33,1017,69,clear sky,0,10000,0,0,2025-01-04 07:51:24,2025-01-04 17:55:46,15.18,9.68,428.348984
Las Vegas,2025-01-04 16:07:23.422686,6.69,300,17.12,15.33,1017,17,clear sky,0,10000,0,0,2025-01-04 07:51:56,2025-01-04 17:39:03,16.14,0.52,1833.9371426250004
Boulder,2025-01-04 16:17:23.558345,2.22,53,5.7,3.97,1007,56,scattered clouds,31,10000,0,0,2025-01-04 07:23:07,2025-01-04 16:48:54,3.96,-3.1,67.01391900000002
New York,2025-01-04 16:17:23.699157,8.23,280,-0.69,-7.31,1014,39,scattered clouds,40,10000,0,0,2025-01-04 05:20:09,2025-01-04 14:41:41,-7.33,-12.89,3414.3308228750006
Los Angeles,2025-01-04 16:17:23.796204,3.6,250,16.43,15.8,1017,64,clear sky,0,10000,0,0,2025-01-04 07:58:59,2025-01-04 17:56:52,16.02,9.23,285.76800000000003
Chicago,2025-01-04 16:17:23.894050,3.09,300,-5.62,-10.35,1027,50,broken clouds,75,10000,0,0,2025-01-04 06:18:14,2025-01-04 15:32:37,-10.37,-15.62,180.70972762499997
Houston,2025-01-04 16:17:24.086876,6.69,130,20.67,21.04,1016,86,mist,100,8047,1.2,0,2025-01-04 06:17:25,2025-01-04 16:35:23,20.69,17.87,1833.9371426250004
Miami,2025-01-04 16:17:24.185869,4.12,20,18.67,18.39,1023,69,scattered clouds,40,10000,0,0,2025-01-04 05:08:07,2025-01-04 15:43:12,18.62,12.47,428.348984
Seattle,2025-01-04 16:17:24.299598,4.12,140,7.73,5.15,1016,93,moderate rain,100,8047,2.73,0,2025-01-04 08:57:12,2025-01-04 17:31:22,5.14,6.33,428.348984
Denver,2025-01-04 16:17:24.426805,3.41,14,-4.1,-8.82,1005,41,few clouds,21,10000,0,0,2025-01-04 07:21:12,2025-01-04 16:48:35,-8.84,-15.9,242.86740362500004
San Francisco,2025-01-04 16:17:24.541408,3.58,301,12.44,11.83,1024,80,overcast clouds,100,10000,0,0,2025-01-04 08:25:21,2025-01-04 18:03:54,11.16,8.44,281.03161100000005
Austin,2025-01-04 16:17:24.662741,2.68,121,21.61,21.89,1014,79,overcast clouds,100,10000,0,0,2025-01-04 06:28:03,2025-01-04 16:43:44,22.52,17.41,117.89909600000003
Boston,2025-01-04 16:17:24.773764,6.17,280,-2.72,-8.99,1007,53,few clouds,20,10000,0,0,2025-01-04 05:13:28,2025-01-04 14:24:47,-9.01,-12.12,1438.6713171249999
Atlanta,2025-01-04 16:17:24.914553,4.12,330,4.92,1.69,1026,38,clear sky,0,10000,0,0,2025-01-04 05:42:48,2025-01-04 15:42:07,1.68,-7.48,428.348984
Phoenix,2025-01-04 16:17:25.064091,3.13,278,20.82,19.43,1013,18,broken clouds,82,10000,0,0,2025-01-04 07:32:49,2025-01-04 17:33:39,21.47,4.42,187.81881912499998
San Diego,2025-01-04 16:17:25.188456,4.63,310,15.67,15.07,1017,68,broken clouds,75,10000,0,0,2025-01-04 07:51:24,2025-01-04 17:55:46,14.77,9.27,607.9236878749999
Las Vegas,2025-01-04 16:17:25.306199,6.69,300,17.11,15.32,1017,17,clear sky,0,10000,0,0,2025-01-04 07:51:57,2025-01-04 17:39:04,16.12,0.51,1833.9371426250004
Boulder,2025-01-04 16:27:25.450278,2.22,53,5.33,3.54,1007,56,scattered clouds,31,10000,0,0,2025-01-04 07:23:07,2025-01-04 16:48:54,3.52,-3.47,67.01391900000002
New York,2025-01-04 16:27:25.599238,8.23,280,-0.65,-7.26,1014,39,scattered clouds,40,10000,0,0,2025-01-04 05:20:09,2025-01-04 14:41:41,-7.28,-12.85,3414.3308228750006
Los Angeles,2025-01-04 16:27:25.759149,3.6,250,16.43,15.83,1017,65,clear sky,0,10000,0,0,2025-01-04 07:58:59,2025-01-04 17:56:52,16.02,9.43,285.76800000000003
Chicago,2025-01-04 16:27:25.888793,3.09,300,-5.62,-10.35,1027,50,broken clouds,75,10000,0,0,2025-01-04 06:18:14,2025-01-04 15:32:37,-10.37,-15.62,180.70972762499997
Houston,2025-01-04 16:27:25.983910,6.69,130,20.66,21.03,1016,86,mist,100,8047,0.22,0,2025-01-04 06:17:24,2025-01-04 16:35:21,20.67,17.86,1833.9371426250004
Miami,2025-01-04 16:27:26.133058,4.12,20,18.67,18.39,1023,69,scattered clouds,40,10000,0,0,2025-01-04 05:08:07,2025-01-04 15:43:12,18.62,12.47,428.348984
Seattle,2025-01-04 16:27:26.241297,4.12,140,7.72,5.14,1016,93,moderate rain,100,8047,2.05,0,2025-01-04 08:57:12,2025-01-04 17:31:22,5.13,6.32,428.348984
Denver,2025-01-04 16:27:26.342638,3.41,14,-4.1,-8.82,1005,41,few clouds,21,10000,0,0,2025-01-04 07:21:12,2025-01-04 16:48:35,-8.84,-15.9,242.86740362500004
San Francisco,2025-01-04 16:27:26.471665,1.79,274,12.37,11.78,1024,81,overcast clouds,100,10000,0,0,2025-01-04 08:25:21,2025-01-04 18:03:54,12.1,8.57,35.12895137500001
Austin,2025-01-04 16:27:26.578443,2.57,0,21.63,21.94,1014,80,overcast clouds,100,10000,0,0,2025-01-04 06:28:03,2025-01-04 16:43:44,22.57,17.63,103.96938212499997
Boston,2025-01-04 16:27:26.692199,6.17,280,-2.75,-9.03,1007,53,few clouds,20,10000,0,0,2025-01-04 05:13:28,2025-01-04 14:24:46,-9.05,-12.15,1438.6713171249999
Atlanta,2025-01-04 16:27:26.801020,4.12,330,4.72,1.45,1026,39,clear sky,0,10000,0,0,2025-01-04 05:42:48,2025-01-04 15:42:06,1.43,-7.48,428.348984
Phoenix,2025-01-04 16:27:26.894980,4.47,281,20.69,19.31,1013,19,broken clouds,82,10000,0,0,2025-01-04 07:32:49,2025-01-04 17:33:39,21.04,4.49,547.0520658749999
San Diego,2025-01-04 16:27:27.004132,4.63,310,15.52,14.93,1017,69,broken clouds,75,10000,0,0,2025-01-04 07:51:24,2025-01-04 17:55:46,14.58,9.32,607.9236878749999
Las Vegas,2025-01-04 16:27:27.107840,6.69,300,17.11,15.32,1017,17,clear sky,0,10000,0,0,2025-01-04 07:51:57,2025-01-04 17:39:03,16.12,0.51,1833.9371426250004
Boulder,2025-01-04 16:37:27.267542,4.12,10,-4.52,-9.93,1012,92,mist,100,8047,0,0,2025-01-04 07:23:07,2025-01-04 16:48:54,-9.95,-6.12,428.348984
New York,2025-01-04 16:37:27.387651,8.23,280,-0.65,-7.26,1014,40,scattered clouds,40,10000,0,0,2025-01-04 05:20:09,2025-01-04 14:41:41,-7.28,-12.65,3414.3308228750006
Los Angeles,2025-01-04 16:37:27.489235,3.6,250,16.37,15.76,1017,65,clear sky,0,10000,0,0,2025-01-04 07:58:59,2025-01-04 17:56:51,15.94,9.37,285.76800000000003
Chicago,2025-01-04 16:37:27.578382,3.09,300,-5.64,-10.37,1027,50,broken clouds,75,10000,0,0,2025-01-04 06:18:14,2025-01-04 15:32:37,-10.39,-15.64,180.70972762499997
Houston,2025-01-04 16:37:27.677988,7.72,130,20.55,20.93,1016,87,mist,100,6437,0,0,2025-01-04 06:17:25,2025-01-04 16:35:23,20.41,17.95,2818.1103439999997
Miami,2025-01-04 16:37:27.802362,4.12,20,18.23,17.91,1024,69,scattered clouds,40,10000,0,0,2025-01-04 05:08:07,2025-01-04 15:43:12,18.07,12.03,428.348984
Seattle,2025-01-04 16:37:27.911903,4.47,124,7.72,4.97,1016,93,light rain,100,8047,1,0,2025-01-04 08:57:12,2025-01-04 17:31:22,4.96,6.32,547.0520658749999
Denver,2025-01-04 16:37:28.063310,3.41,14,-4.1,-8.82,1005,41,few clouds,21,10000,0,0,2025-01-04 07:21:12,2025-01-04 16:48:35,-8.84,-15.9,242.86740362500004
San Francisco,2025-01-04 16:37:28.187912,2.68,317,12.27,11.69,1024,82,overcast clouds,100,10000,0,0,2025-01-04 08:25:21,2025-01-04 18:03:54,11.4,8.67,117.89909600000003
Austin,2025-01-04 16:37:28.286658,2.57,0,21.52,21.82,1014,80,overcast clouds,100,10000,0,0,2025-01-04 06:28:03,2025-01-04 16:43:44,22.44,17.52,103.96938212499997
Boston,2025-01-04 16:37:28.397650,6.17,280,-2.74,-9.02,1008,54,few clouds,20,10000,0,0,2025-01-04 05:13:28,2025-01-04 14:24:46,-9.04,-11.94,1438.6713171249999
Atlanta,2025-01-04 16:37:28.505170,4.12,330,4.38,1.03,1027,40,clear sky,0,10000,0,0,2025-01-04 05:42:48,2025-01-04 15:42:06,1.01,-7.62,428.348984
Phoenix,2025-01-04 16:37:28.600054,2.68,255,20.55,19.16,1013,19,broken clouds,82,10000,0,0,2025-01-04 07:32:49,2025-01-04 17:33:39,21.26,4.35,117.89909600000003
San Diego,2025-01-04 16:37:28.702292,4.63,310,15.53,14.94,1017,69,broken clouds,75,10000,0,0,2025-01-04 07:51:25,2025-01-04 17:55:47,14.6,9.33,607.9236878749999
Las Vegas,2025-01-04 16:37:28.845028,6.69,300,16.94,15.13,1017,17,clear sky,0,10000,0,0,2025-01-04 07:51:56,2025-01-04 17:39:03,15.91,0.34,1833.9371426250004
Boulder,2025-01-04 16:47:28.986085,3.6,340,-4.4,-9.35,1012,91,mist,100,10000,0,0,2025-01-04 07:23:07,2025-01-04 16:48:54,-9.37,-6.2,285.76800000000003
New York,2025-01-04 16:47:29.092758,8.23,280,-0.72,-7.35,1014,40,scattered clouds,40,10000,0,0,2025-01-04 05:20:09,2025-01-04 14:41:41,-7.37,-12.72,3414.3308228750006
Los Angeles,2025-01-04 16:47:29.202826,3.6,250,16.0,15.35,1017,65,clear sky,0,10000,0,0,2025-01-04 07:58:59,2025-01-04 17:56:51,15.49,9.0,285.76800000000003
Chicago,2025-01-04 16:47:29.308124,3.09,300,-5.78,-10.54,1027,50,broken clouds,75,10000,0,0,2025-01-04 06:18:14,2025-01-04 15:32:37,-10.56,-15.78,180.70972762499997
Houston,2025-01-04 16:47:29.437127,7.72,130,20.5,20.88,1016,87,mist,100,6437,0,0,2025-01-04 06:17:25,2025-01-04 16:35:23,20.34,17.9,2818.1103439999997
Miami,2025-01-04 16:47:29.544545,4.12,20,18.2,17.88,1024,69,scattered clouds,40,10000,0,0,2025-01-04 05:08:07,2025-01-04 15:43:12,18.04,12.0,428.348984
Seattle,2025-01-04 16:47:29.671354,6.26,108,7.77,4.32,1016,92,light rain,100,8047,0.42,0,2025-01-04 08:57:12,2025-01-04 17:31:22,4.3,6.17,1502.5505529999998
Denver,2025-01-04 16:47:29.787188,4.85,357,-4.07,-9.91,1008,50,scattered clouds,34,10000,0,0,2025-01-04 07:21:12,2025-01-04 16:48:35,-9.93,-14.07,698.7652656249999
San Francisco,2025-01-04 16:47:29.910119,3.13,303,12.18,11.59,1024,82,overcast clouds,100,10000,0,0,2025-01-04 08:25:21,2025-01-04 18:03:54,11.05,8.58,187.81881912499998
Austin,2025-01-04 16:47:30.016505,2.57,0,21.56,21.86,1014,80,overcast clouds,100,10000,0,0,2025-01-04 06:28:03,2025-01-04 16:43:44,22.49,17.56,103.96938212499997
Boston,2025-01-04 16:47:30.132785,6.17,280,-2.69,-8.96,1008,54,few clouds,20,10000,0,0,2025-01-04 05:13:28,2025-01-04 14:24:46,-8.98,-11.89,1438.6713171249999
Atlanta,2025-01-04 16:47:30.233294,4.12,330,4.31,0.94,1027,40,clear sky,0,10000,0,0,2025-01-04 05:42:48,2025-01-04 15:42:06,0.93,-7.69,428.348984
Phoenix,2025-01-04 16:47:30.334332,3.58,274,20.25,18.83,1013,19,broken clouds,82,10000,0,0,2025-01-04 07:32:49,2025-01-04 17:33:39,20.68,4.05,281.03161100000005
San Diego,2025-01-04 16:47:30.437266,4.63,310,15.52,14.9,1017,68,broken clouds,75,10000,0,0,2025-01-04 07:51:24,2025-01-04 17:55:46,14.58,9.12,607.9236878749999
Las Vegas,2025-01-04 16:47:30.530856,6.69,300,16.94,15.16,1017,18,clear sky,0,10000,0,0,2025-01-04 07:51:57,2025-01-04 17:39:04,15.91,0.54,1833.9371426250004
Boulder,2025-01-04 16:57:30.714372,3.09,350,-4.53,-9.03,1012,92,mist,100,10000,0,0,2025-01-04 07:23:07,2025-01-04 16:48:54,-9.05,-6.13,180.70972762499997
New York,2025-01-04 16:57:30.846793,8.23,280,-0.78,-7.43,1014,40,scattered clouds,40,10000,0,0,2025-01-04 05:20:09,2025-01-04 14:41:41,-7.45,-12.78,3414.3308228750006
Los Angeles,2025-01-04 16:57:30.994144,3.6,250,15.89,15.26,1017,66,clear sky,0,10000,0,0,2025-01-04 07:58:59,2025-01-04 17:56:51,15.36,9.09,285.76800000000003
Chicago,2025-01-04 16:57:31.115890,3.09,300,-5.73,-10.48,1027,49,broken clouds,75,10000,0,0,2025-01-04 06:18:14,2025-01-04 15:32:37,-10.5,-15.93,180.70972762499997
Houston,2025-01-04 16:57:31.244112,8.23,130,20.49,20.87,1016,87,mist,100,6437,0,0,2025-01-04 06:17:25,2025-01-04 16:35:23,20.27,17.89,3414.3308228750006
Miami,2025-01-04 16:57:31.346269,4.12,20,18.2,17.88,1024,69,scattered clouds,40,10000,0,0,2025-01-04 05:08:07,2025-01-04 15:43:12,18.04,12.0,428.348984
Seattle,2025-01-04 16:57:31.435474,4.47,135,7.74,5.0,1016,93,light rain,100,8047,0.45,0,2025-01-04 08:57:12,2025-01-04 17:31:22,4.98,6.34,547.0520658749999
Denver,2025-01-04 16:57:31.547062,4.85,357,-4.07,-9.91,1008,50,scattered clouds,34,10000,0,0,2025-01-04 07:21:12,2025-01-04 16:48:35,-9.93,-14.07,698.7652656249999
San Francisco,2025-01-04 16:57:31.664120,2.24,267,12.0,11.42,1024,83,overcast clouds,100,10000,0,0,2025-01-04 08:25:21,2025-01-04 18:03:54,11.34,8.6,68.84147200000002
Austin,2025-01-04 16:57:31.816359,2.57,0,21.59,21.89,1014,80,overcast clouds,100,10000,0,0,2025-01-04 06:28:03,2025-01-04 16:43:44,22.53,17.59,103.96938212499997
Boston,2025-01-04 16:57:31.910889,6.17,280,-2.67,-8.93,1008,54,few clouds,20,10000,0,0,2025-01-04 05:13:28,2025-01-04 14:24:46,-8.95,-11.87,1438.6713171249999
Atlanta,2025-01-04 16:57:32.029875,4.12,330,3.83,0.35,1027,45,clear sky,0,10000,0,0,2025-01-04 05:42:48,2025-01-04 15:42:06,0.33,-7.17,428.348984
Phoenix,2025-01-04 16:57:32.125953,3.13,271,20.21,18.78,1013,19,broken clouds,82,10000,0,0,2025-01-04 07:32:49,2025-01-04 17:33:39,20.73,4.01,187.81881912499998
San Diego,2025-01-04 16:57:32.254372,4.63,310,15.44,14.82,1017,68,broken clouds,75,10000,0,0,2025-01-04 07:51:24,2025-01-04 17:55:46,14.48,9.04,607.9236878749999
Las Vegas,2025-01-04 16:57:32.443967,6.17,340,16.82,15.05,1017,19,clear sky,0,10000,0,0,2025-01-04 07:51:57,2025-01-04 17:39:03,15.85,0.62,1438.6713171249999
Boulder,2025-01-04 17:07:32.602127,3.09,30,-4.63,-9.15,1012,92,mist,100,10000,0,0,2025-01-04 07:23:07,2025-01-04 16:48:54,-9.17,-6.23,180.70972762499997
New York,2025-01-04 17:07:32.712415,8.75,270,-0.99,-7.9,1014,41,overcast clouds,100,10000,0,0,2025-01-04 05:20:09,2025-01-04 14:41:41,-7.92,-12.79,4103.271484375
Los Angeles,2025-01-04 17:07:32.837377,3.09,290,15.9,15.27,1017,66,clear sky,0,10000,0,0,2025-01-04 07:58:59,2025-01-04 17:56:51,15.55,9.1,180.70972762499997
Chicago,2025-01-04 17:07:32.938569,0.45,314,-6.02,-6.02,1027,52,broken clouds,74,10000,0,0,2025-01-04 06:18:14,2025-01-04 15:32:37,-5.48,-15.62,0.5581406250000001
Houston,2025-01-04 17:07:33.053533,8.23,130,20.43,20.9,1016,91,mist,100,6437,0,0,2025-01-04 06:17:25,2025-01-04 16:35:23,20.19,18.63,3414.3308228750006
Miami,2025-01-04 17:07:33.174235,0.89,320,18.1,17.85,1024,72,few clouds,24,10000,0,0,2025-01-04 05:08:07,2025-01-04 15:43:12,19.32,12.5,4.317935125
Seattle,2025-01-04 17:07:33.281452,5.66,150,7.73,4.49,1016,92,light rain,100,10000,0.65,0,2025-01-04 08:57:12,2025-01-04 17:31:22,4.47,6.13,1110.5941630000002
Denver,2025-01-04 17:07:33.393375,1.79,1,-4.23,-7.07,1008,91,scattered clouds,34,10000,0,0,2025-01-04 07:21:12,2025-01-04 16:48:35,-7.09,-6.03,35.12895137500001
San Francisco,2025-01-04 17:07:33.488283,2.68,305,11.96,11.38,1024,83,broken clouds,75,10000,0,0,2025-01-04 08:25:21,2025-01-04 18:03:54,11.03,8.56,117.89909600000003
Austin,2025-01-04 17:07:33.605204,3.6,170,21.43,21.74,1014,81,overcast clouds,100,10000,0,0,2025-01-04 06:28:03,2025-01-04 16:43:44,22.11,17.63,285.76800000000003
Boston,2025-01-04 17:07:33.700510,6.17,280,-2.44,-8.64,1008,54,scattered clouds,40,10000,0,0,2025-01-04 05:13:28,2025-01-04 14:24:46,-8.66,-11.64,1438.6713171249999
Atlanta,2025-01-04 17:07:33.812766,2.39,326,3.74,1.51,1027,47,clear sky,2,10000,0,0,2025-01-04 05:42:48,2025-01-04 15:42:06,1.49,-6.86,83.61800387500001
Phoenix,2025-01-04 17:07:33.921106,3.13,280,19.86,18.42,1013,20,broken clouds,82,10000,0,0,2025-01-04 07:32:49,2025-01-04 17:33:39,20.31,3.86,187.81881912499998
San Diego,2025-01-04 17:07:34.037533,4.92,321,14.99,14.4,1017,71,clear sky,0,10000,0,0,2025-01-04 07:51:24,2025-01-04 17:55:46,13.84,9.19,729.4598639999999
Las Vegas,2025-01-04 17:07:34.163245,6.69,320,16.62,14.83,1017,19,clear sky,0,10000,0,0,2025-01-04 07:51:57,2025-01-04 17:39:03,15.5,0.42,1833.9371426250004
